"","R","T","SES","P","Y"
"1",1,1,-1.4463828988823,362.561176824576,470.517930417216
"2",0,0,-0.0399044304943154,553.79586733106,539.946047400451
"3",1,0,-0.290655854114765,393.670102906657,385.945530272689
"4",0,0,1.20546208900388,326.241984004308,398.087070292249
"5",1,0,1.14692038526884,337.681410891138,337.436703312518
"6",0,0,1.23497195276431,591.822545548692,535.170046485081
"7",0,0,-1.24878716439985,441.878691413333,458.682784459066
"8",0,0,0.44448896630636,642.282224916616,610.514977472645
"9",1,1,-0.229817381030969,513.007532826898,495.963612120081
"10",1,0,-0.210777720092805,382.511461438358,381.12454930775
"11",0,0,0.0860592912857365,447.668806731421,483.1023418629
"12",1,1,1.17639521212356,655.438363172877,664.28345850696
"13",1,0,0.580820588076227,482.678642682713,453.173898303871
"14",1,1,-0.0793307138183358,630.749842238533,622.249796677079
"15",1,1,-1.56354283006586,518.171392677003,460.710972913725
"16",1,1,-0.362566313536435,531.347754075812,594.059709624322
"17",0,0,0.273813522435917,428.460418736736,537.698792541417
"18",1,0,0.130397287572742,407.16251208112,434.417266932368
"19",1,1,0.414751793274453,527.064889782007,527.223161373274
"20",1,1,-1.02438600594779,337.860576906407,452.668604766668
"21",0,0,-0.465647069390064,619.687183577072,560.642045590963
"22",0,0,1.03270565664274,445.920853170045,516.499437351492
"23",1,1,-1.44124935469345,399.061597759427,429.253383424744
"24",0,0,0.689324612683643,530.638139986842,494.900634107222
"25",1,1,0.474681728387591,658.916272462807,577.085509314044
"26",0,0,0.578981666394398,562.411303353927,467.676777425739
"27",1,1,0.115469722986338,512.190569677923,600.981189120187
"28",0,0,-1.38357373342733,429.570424987529,486.419189185145
"29",0,0,-0.696033451152901,440.595286044703,498.849926549183
"30",1,0,2.96685522885033,529.199783506535,494.250372403483
"31",1,1,0.872284744252243,630.160876154307,614.620862466003
"32",1,1,0.838345139078582,533.755630829953,651.78049504677
"33",0,0,0.651571658341005,560.616289581118,519.123285683825
"34",1,0,1.01033715786732,462.95136166486,415.349307556113
"35",0,0,0.680944482196324,649.194652489534,581.207092024216
"36",0,0,-1.41413016167881,401.244991776801,513.101591278111
"37",0,0,-0.397448180074834,385.349858539872,444.588084855044
"38",0,0,-0.859808225451161,566.246734902719,551.986561436149
"39",0,0,-0.827810038317852,559.402758546306,519.894655863951
"40",1,0,-0.11196098062096,483.067983122918,430.661896328186
"41",0,0,-1.23717500893226,354.232516488115,345.140899380637
"42",1,1,-0.649830095223149,636.275666008588,717.530273108972
"43",1,1,0.958367944344737,569.441584209325,560.268285815317
"44",0,0,0.091235460233332,594.953325148405,543.348794518742
"45",1,1,-0.738663195997824,602.662692613916,602.201472093935
"46",0,0,-0.215140824786898,405.952069133469,425.684099560377
"47",0,0,-0.085193518102473,463.519700929278,514.930721677262
"48",0,0,0.149429620584845,446.518760825075,463.429349499815
"49",1,0,0.0710936457251118,522.958038169695,540.261950371111
"50",0,0,0.770007270497424,818.2263482596,677.636972756485
"51",1,0,0.814827134546495,522.658017088648,493.350824911878
"52",0,0,-0.316963775591966,469.734736514858,481.206438603366
"53",0,0,0.935026840316518,504.288777873867,570.703411699811
"54",0,0,0.743836393959784,531.138203905654,458.328671856312
"55",1,0,-0.617119537664114,383.721682872002,361.345111655091
"56",1,1,0.414376540052705,618.084502075093,698.99240123894
"57",1,1,0.149244282759695,545.53343947661,594.275146337629
"58",0,0,1.28881340564843,615.080917189647,582.02706441598
"59",0,0,-0.672033046527553,226.491681170398,215.767805951078
"60",0,0,-1.27056769520031,495.5834232956,398.644314621582
"61",0,0,-0.041025439219465,354.755569139979,294.430957912727
"62",1,1,1.49518380497749,563.232904538805,662.406217257676
"63",1,1,-0.903632972050407,487.148821240568,500.080312407778
"64",1,1,-0.078357040420362,552.146828643661,673.793832067848
"65",0,0,0.551661886500586,428.154608428844,520.156959692153
"66",1,0,-0.743395079058865,438.266006164124,439.763178747311
"67",1,1,1.11285890792673,532.908412551843,630.440949853637
"68",1,0,-0.285454351109296,373.318648343781,418.715089168675
"69",0,0,0.351103976079271,334.333330797924,338.546951430538
"70",0,0,0.309933825090767,477.257576363935,535.901610754658
"71",1,1,0.107857529253662,515.750538564283,588.417351358282
"72",0,0,-1.38542964809923,377.645838730044,362.611401234184
"73",1,0,0.563406826448897,490.760142416632,485.302708005242
"74",0,0,0.174811267924126,457.521279463764,433.815394080085
"75",1,0,-0.070032823485227,501.815516883076,384.10117352501
"76",0,0,-1.03976741559092,458.117050080703,472.594076985302
"77",1,1,-1.09318754570597,566.056321104304,574.857017974024
"78",1,1,1.1859623325257,619.986438102625,597.999407649413
"79",1,1,-0.946380339777356,604.843434297185,632.146180807709
"80",0,0,-1.25345679644596,468.878398709987,448.266389386605
"81",1,1,-1.61454243544016,581.811100669565,624.89998560809
"82",0,0,0.0705371585033979,606.603818536467,663.315082400479
"83",0,0,-0.444924236739258,404.184195166894,461.15596592739
"84",0,0,-0.0324754009185356,464.7142249088,567.080318137255
"85",0,0,-1.30460688133982,423.142387179209,469.025241154221
"86",1,1,0.249629067780763,538.886703984923,524.110437157577
"87",0,0,1.96207151189199,512.042902420449,521.171920018412
"88",1,0,1.2630242249696,500.04883714327,492.972489853979
"89",1,0,0.26933591654149,405.01314827918,294.374404242725
"90",0,0,0.29895125068213,642.020351582375,509.094463235741
"91",1,1,-0.843515253258061,587.65217319872,580.657119799299
"92",1,0,0.866568631377162,478.357900874333,476.209726383665
"93",1,1,1.92829219003425,589.715804240044,621.010228023674
"94",0,0,-1.08679445635025,321.230793712574,375.346515738426
"95",0,0,-0.505372995472594,449.825684207969,464.697681576045
"96",0,0,0.466672575569661,629.876548340054,592.717699297762
"97",1,1,0.902026701367657,566.670231542593,658.556044752051
"98",1,0,-0.111176086079153,479.858805219528,480.592377109765
"99",1,1,-1.29131886666796,640.864137412805,557.896199210853
"100",0,0,0.682298209618907,352.087888463498,334.325890643984
"101",0,0,-0.158411363714699,600.264415459355,566.251944742025
"102",0,0,4.10123671688191,555.962526286726,549.568721543311
"103",1,0,1.0649321989784,425.347219729485,485.125783463633
"104",1,1,-1.65578936762292,525.657264853987,532.138143854585
"105",1,0,-0.0530228383654616,505.759284130856,459.417643005854
"106",0,0,-1.11363124487244,559.371220153894,517.725747551591
"107",1,1,-0.00372932324026153,390.61967454669,496.542184642993
"108",1,1,0.161524684300603,466.19951380976,572.643313627331
"109",0,0,0.44111033894552,619.669687997993,634.846399577179
"110",1,0,-0.879149384205289,326.68336332629,317.560277154011
"111",0,0,-0.63220442878975,556.398268342831,580.666685748923
"112",1,1,-1.67886460414935,485.496060943292,565.597904493548
"113",1,1,-0.801939616299789,664.248732200506,713.589388322249
"114",0,0,-1.40976724750993,488.925703361063,473.403850252071
"115",0,0,-1.09136579502143,497.393925461642,361.680859279007
"116",0,0,-0.580229997499191,483.960747433328,474.229540337934
"117",0,0,1.95333223286612,524.173705239107,542.303697192675
"118",1,1,-0.143817563523969,510.801246785081,551.995711324078
"119",1,1,-1.30818720382267,608.547832344301,626.429550006648
"120",0,0,-0.916648751732835,618.071849328983,539.918029120166
"121",0,0,-1.61310345208874,594.60488666975,583.035805529435
"122",1,0,0.563148567138722,429.23949037637,409.392654274608
"123",0,0,-1.45499214548952,442.443006540251,353.984713313943
"124",0,0,0.858024497169149,518.752380294515,545.275167703394
"125",1,1,-1.36701082585047,629.577607319444,597.795854506928
"126",1,1,-0.401015963337098,555.486437304887,530.038072994799
"127",1,1,0.258425162862419,476.000288431974,545.605806350575
"128",1,0,1.82818630262954,508.373756328898,528.775763034175
"129",0,0,-0.141600281419658,363.922693006894,369.129603341673
"130",1,1,-0.634861776771496,438.830068250436,585.689782760994
"131",0,0,-0.96792663334632,596.284319403963,472.184681118654
"132",0,0,-0.240352855561279,417.899258445708,458.135122444352
"133",0,0,0.702706698127945,498.843775853525,408.727735978772
"134",1,1,-0.64532774151455,515.211616999731,643.247865484615
"135",1,0,0.449458776602581,442.166679959691,402.110386190608
"136",1,1,-0.341587668512119,522.32519625609,593.224832734888
"137",1,0,0.342561031227476,491.274775034667,356.90713427852
"138",0,0,0.174811984705926,512.764028747486,485.709524658173
"139",1,1,-0.135912079174048,402.008409187379,501.350709455907
"140",0,0,2.18894714172865,531.963330129791,564.609842299024
"141",0,0,0.0226864079005887,714.264382724785,647.115198572773
"142",0,0,0.513223024509244,621.834839669077,676.636505884647
"143",0,0,-0.332471664081743,181.214333876198,283.135425978431
"144",1,1,1.24669621725253,538.955877742767,584.937774948677
"145",1,0,-0.810222901531004,258.665940090605,277.726271195346
"146",1,1,-1.05031293541873,604.437755577541,492.921308511521
"147",0,0,-0.0763368836448292,478.058840527514,528.973653778073
"148",1,1,1.21129498759186,566.466961036171,591.710501544062
"149",0,0,1.15434195299806,386.8380865063,430.508466862529
"150",0,0,1.98809835011093,669.254232947209,655.320036213583
"151",0,0,0.31815524475754,492.700602383922,497.94847150513
"152",1,0,0.89755356003785,530.848357653833,546.518241220807
"153",0,0,-0.66998523204884,461.87742538491,452.199369985646
"154",0,0,-0.884665650238855,638.71871290788,659.673204757896
"155",0,0,-0.415949981698787,585.292886110531,579.293122194506
"156",0,0,0.460916600422537,629.9693459018,556.54302335275
"157",0,1,1.58734421217793,719.162381458259,686.498488523379
"158",1,1,-0.303874249175478,532.853555929677,598.179869159829
"159",1,1,0.137124932868384,488.799989864407,515.235340716921
"160",0,0,0.103540142476001,595.997074574867,652.157687798671
"161",0,0,5.99433878605609,707.571317593142,706.946134363607
"162",1,1,0.597133102686613,540.10784354154,645.843883908729
"163",1,1,0.984629612797156,650.827932285432,692.502550302667
"164",0,0,1.91213272065122,592.383637527508,546.420527432327
"165",1,1,1.41054305042164,686.163355381309,671.40385558018
"166",1,1,-0.621327796638848,671.911413715924,660.082224600957
"167",1,0,-0.290553048740827,426.585827358549,474.979660856197
"168",1,1,-0.356845648446703,504.948028432271,522.999854013647
"169",1,0,-1.03439725427532,471.935645084578,460.857378162904
"170",0,1,-0.968199993075391,544.134157615463,658.391500569362
"171",1,1,-1.38447275311456,408.065094826437,486.948247384335
"172",1,1,-0.772822744568545,600.767924016512,551.836328599435
"173",0,0,0.0153202030312159,625.794278476989,580.045171268418
"174",1,1,0.835841262340705,571.218756254022,625.577146941009
"175",0,0,-0.558572631652588,514.367023555219,503.142310633943
"176",0,1,0.437135047142565,738.942397407948,713.560704798921
"177",1,1,1.12572239632503,656.572818254281,554.26324001393
"178",0,0,0.712110492816153,479.967430430423,511.457911344064
"179",1,1,1.42804689030478,545.226005499449,631.930054713566
"180",0,0,0.350526122305081,365.850821174605,387.224895590434
"181",0,0,-0.1544162618378,356.491594643737,384.305918585558
"182",1,1,0.510156223431982,495.205343770671,448.326854722036
"183",0,0,0.0855335268593037,638.734425766397,659.9022330677
"184",1,0,2.03407133608613,507.870062266044,443.311465951341
"185",0,0,0.531447346900539,506.55236385678,466.766080574989
"186",0,0,-0.493966920176641,514.632308388409,528.988567972341
"187",1,1,-1.62500228105419,549.185430188314,530.984021725528
"188",1,0,0.369500938940273,440.149819887677,460.543824237464
"189",0,0,-1.34256619586529,365.089786597536,423.275853962839
"190",1,1,0.378846091714976,422.950611530381,656.871081840827
"191",1,1,-0.189593888416215,476.993198494073,463.506651120509
"192",1,1,0.175228938690871,471.774730290432,469.013144398505
"193",0,0,-1.02648530904543,306.158364477291,314.772175731197
"194",1,1,-0.129396984810496,573.435203894529,644.062173974653
"195",1,1,-0.713976961661781,608.941164348714,595.788674426543
"196",1,0,-1.52318096634133,351.284263751826,383.242767408231
"197",0,0,-0.000596288893354575,519.213418116906,522.055672734407
"198",0,0,0.189271318645926,562.442620941138,547.167173030193
"199",1,1,-0.0626348851060759,496.140888235968,590.47978821287
"200",1,0,-1.2044002767641,328.2205391277,428.041703256876
"201",1,1,0.446467130581232,351.341199119416,563.988118898697
"202",0,0,-0.612484390321271,494.135022174944,583.062151611597
"203",1,0,0.581748007082723,468.563344635705,550.018938013547
"204",1,1,0.744012057371203,456.016412555104,519.362943298334
"205",1,0,0.0989387200540168,546.901069811577,554.221472101861
"206",1,1,-0.216137333818961,454.711392065513,533.351315345165
"207",1,0,-0.268304593340199,376.956690687542,408.549534056898
"208",1,0,0.399117922614029,474.476333707427,491.458309862326
"209",0,0,-0.685105248409671,383.581674505368,370.445239761587
"210",1,1,0.265466336173551,545.284275176477,643.077557424903
"211",0,0,0.00531749275792108,489.343223601667,565.63205182193
"212",1,0,-1.79755745064014,417.547689231054,428.983781532044
"213",0,0,0.0556560490765398,726.3431000398,623.253001637424
"214",1,1,-1.18979639031714,492.279598714934,540.692024784492
"215",0,0,0.642166465641476,686.424810204893,542.220914642367
"216",1,1,0.0484751178485032,681.983094012362,685.591908305936
"217",0,0,-1.49659008311581,355.133620632681,357.340913502357
"218",0,0,-0.570063119506061,583.246220478706,640.887076613665
"219",0,0,-0.1670663658521,509.999330554562,415.002036281661
"220",0,0,-0.986527244803915,493.620612541495,414.317178226494
"221",0,0,-0.97338165240517,456.090354401494,528.267588797034
"222",1,0,-0.0476842822392678,474.378985477595,490.505868561079
"223",1,0,-1.17365075215427,370.069584148724,421.818171688111
"224",1,1,1.06398670847065,683.530995174187,663.614128900708
"225",0,0,-0.367508136653094,325.589088628179,372.742003705317
"226",0,0,0.770941217878092,556.656254849892,544.195364272949
"227",1,0,-1.52624791216271,314.187288932734,321.5313925398
"228",1,0,-0.327951658573064,426.954788652909,463.835065904031
"229",1,1,-0.960987775586998,509.250617479,609.07917622052
"230",0,0,0.422917327210827,500.121077093741,469.509302418782
"231",1,1,-1.47553515378455,553.003575503733,537.588659974999
"232",1,0,-0.285757323206505,512.327841455555,589.32861470137
"233",0,0,-0.362747012324772,586.355598075766,608.389036723935
"234",1,0,0.565701981120834,361.488759606245,317.119110161356
"235",1,0,1.79504428650403,536.747899650821,530.654473019845
"236",1,0,-0.251875591502619,352.112731921598,495.414915666208
"237",0,0,1.32716593764563,390.427817616907,444.353422141832
"238",0,0,-0.566102738981186,443.413369785787,400.447903754687
"239",0,0,-1.32254317002241,452.697138304633,473.048681149206
"240",1,0,0.281461611364961,510.046397780546,469.237977568358
"241",0,0,-0.467929483666067,657.793412960807,575.167210089647
"242",1,1,0.850546955950093,637.740418738509,673.446695188926
"243",0,0,0.685873740795416,491.822628924558,531.234685542128
"244",0,0,-0.613529160609606,386.413319654333,410.453312135855
"245",0,0,0.436942635070041,635.542573403443,592.670226001573
"246",1,1,-0.759446737220853,528.337535433827,620.205248185062
"247",0,0,0.392951484833418,539.79315952308,573.671975929115
"248",1,1,-0.756525842355563,510.760469978867,600.928425153715
"249",1,1,-0.863542082121813,330.61035654374,462.603030714433
"250",1,1,1.19913695001051,638.634410300219,638.364793660184
"251",0,0,-1.38590785184098,441.77560619837,388.598070732824
"252",0,0,-1.0770065451403,460.506005985933,405.036606796498
"253",0,0,-0.616278834219492,439.192631736145,427.803759418474
"254",0,0,-1.4372453627985,344.326288127258,421.400068278186
"255",0,0,-0.238914335723138,482.323400019261,444.468047179416
"256",1,0,-1.21878128548972,350.017971183732,373.71275740236
"257",1,1,-1.1993568164216,507.623826367428,375.795542399005
"258",0,0,1.11500608951294,659.57712120374,638.674632451169
"259",0,0,1.39727709896669,730.037802515864,677.921784976389
"260",1,1,-1.06537119037234,431.679010618755,569.996435803539
"261",1,1,-0.644303551252819,486.61426495141,577.222120695936
"262",1,1,1.280864060917,616.898260262899,670.264720127291
"263",0,0,-0.343216195395748,700.094594914606,620.381755164467
"264",1,1,1.55963653263086,690.877414525992,724.688447598425
"265",1,0,1.02645578407264,534.395575377043,561.279039616743
"266",0,0,-0.314233621453724,490.388989270636,520.780678857632
"267",1,0,-0.404833175692907,437.214049613153,394.006121777503
"268",1,1,0.333193752606842,480.974198025116,516.764453532594
"269",1,0,0.263730542823134,398.835496347863,418.570106406003
"270",0,0,0.514434290885264,621.992484391874,610.021670935049
"271",1,0,0.353203901057389,416.133098962487,464.816414233091
"272",0,0,0.719761128320489,623.852706975242,660.631205314447
"273",1,0,1.52763158217719,538.727921981247,548.909938547198
"274",0,0,0.44277607543237,364.622912287063,419.732399349405
"275",0,0,-0.100597861800774,502.469755876281,465.855161050737
"276",1,1,2.94020389552752,605.313226474173,540.564935920492
"277",0,0,-0.628120587617544,448.555767686971,539.84659054072
"278",0,0,-1.04204084840759,411.770177166554,402.539364871697
"279",0,0,-0.520522695513937,481.409222936924,421.994558131263
"280",1,0,0.392489476936164,421.51998515236,467.244861892628
"281",1,0,-0.656367893703411,417.42680305883,417.100445093457
"282",0,0,0.257984610604895,372.03311231995,381.088076461057
"283",0,0,1.15743931695992,665.07785962151,620.065226251467
"284",1,1,-1.05967091691968,419.552218483195,507.085649340234
"285",0,0,-0.613368840448127,539.182207381011,479.4464603049
"286",0,0,0.145345120479623,582.502533607749,567.733281500469
"287",1,0,-0.0107845262918079,457.28564710304,521.139650053967
"288",1,0,1.42652827620335,575.817071953499,471.94982160101
"289",0,0,-1.57368493974128,355.631563377385,386.676969662876
"290",1,0,-1.72038125580242,470.419270292703,413.643938551889
"291",0,0,-1.27699376703066,435.238203114613,345.268574496737
"292",1,1,0.223233559033292,495.63666822053,489.866984725157
"293",0,0,-0.508443567259424,530.758056971499,479.66631749464
"294",0,0,-0.485368010668048,483.118951295305,525.24580554763
"295",0,0,-0.942994504544135,494.080777205823,514.845183583663
"296",1,0,-1.2877090016208,452.446744868416,359.924759150739
"297",1,0,0.546760868227296,378.615760648905,460.150334757174
"298",0,0,-0.963882976056125,388.346273072915,350.613653517326
"299",1,0,0.184463067275175,539.21069442035,474.487587734099
"300",0,0,-0.157997489909142,519.703127966705,491.393432446171
"301",0,0,-0.305272966153911,454.548075164473,365.1729971498
"302",1,0,0.561700307395704,406.685861546497,460.737875925815
"303",1,1,1.34239989919503,551.868101406692,439.661795569382
"304",1,0,1.45806333359877,672.121769344162,654.865778007056
"305",0,0,-0.641892418984682,459.100179259681,396.109157894256
"306",0,0,0.909641931041997,581.788949127064,560.975368748973
"307",1,1,0.489289520471752,580.190289119155,677.470635220166
"308",1,1,-0.588909621168787,439.902123984862,474.352886346305
"309",0,0,-1.06619359410549,453.540450712611,389.665979650587
"310",1,1,-1.07227837906033,494.211682471876,601.72128662033
"311",1,1,1.07712498003183,591.042206098806,629.379428377825
"312",0,0,-1.14363004839957,401.555593411821,385.076858191501
"313",0,0,0.952199415371699,589.679780904457,648.482878201789
"314",1,0,-1.03240094361193,471.695529173997,404.196087259168
"315",0,0,-1.02043793610512,357.601312170149,309.2598454059
"316",1,0,-0.254010492202554,468.030285875321,412.772794531202
"317",0,0,-1.54912268180949,371.690246960066,276.204668229106
"318",1,1,-1.29387406317994,555.726187828456,601.981808263707
"319",1,0,0.694469582836326,471.944906030986,399.422204171777
"320",0,0,0.4623919035177,471.944926176719,621.509729026161
"321",0,0,2.08963192958291,624.437797718722,686.325838556768
"322",0,0,-1.0876553382799,440.516693594637,419.059895403969
"323",0,0,0.290531202467676,605.621987995379,551.274916602583
"324",0,0,0.350603059916611,529.478877513033,484.772676648866
"325",0,0,-1.26983785608573,371.922557627354,452.500925640117
"326",0,0,-0.527370970330828,398.378210806965,439.757956823981
"327",1,1,1.34748488464054,641.603138366039,685.430346467424
"328",0,0,-1.30787943547559,349.956198769289,372.529581456466
"329",1,1,1.22882051289568,433.481069631453,545.160965373869
"330",1,0,1.08877521217412,564.081438500909,493.063897676159
"331",1,1,0.0541732220151462,549.021167675848,580.196140412484
"332",1,1,0.575677626044556,482.644270065977,605.300395127092
"333",0,0,-0.270198892912811,452.420724558386,329.210125931788
"334",1,1,0.566546729035032,566.436914273324,569.498889130705
"335",1,0,-0.266585018947445,454.285877935343,425.207948185037
"336",0,0,-0.0365169618531119,567.06053316827,587.000585709236
"337",0,0,-0.902559492613649,535.195958666666,517.159846666747
"338",0,0,0.704541466400707,545.333094081072,494.042349050298
"339",1,0,-0.355690173830939,333.124120350422,504.86952172721
"340",0,0,-0.472340846483906,365.455386311477,332.559709720264
"341",0,0,-1.34664720877656,540.098290745327,382.49937993487
"342",0,0,0.295940384528511,622.038452353116,621.192653945315
"343",1,1,-0.427879430039139,728.408809744919,620.301793863285
"344",0,0,-0.768900536006955,484.814839798232,528.949418428126
"345",1,1,-0.255311194610809,704.226022544552,600.204521650431
"346",0,0,-0.126254548455447,424.760604367688,408.480059675936
"347",1,1,1.59038384499445,589.410330937272,621.443288355658
"348",1,0,0.624533204400545,539.158884113162,487.92417125406
"349",0,0,1.22637690465928,599.458548808439,742.614899748861
"350",0,0,-0.860968158746645,424.870955856024,480.235818062314
"351",1,0,-0.303485092042882,452.640826791145,365.813377162047
"352",1,1,0.720276236439133,512.297343904073,570.979616344279
"353",0,0,-1.24402153543424,483.499531981038,505.329737454148
"354",0,0,0.613915091217393,492.749227168823,521.943624099633
"355",0,0,4.0420658437358,595.467577020641,635.296609920028
"356",1,0,-0.148518023389562,396.439831915756,402.132254423188
"357",1,1,-0.821290460256947,553.288920533828,599.545578231126
"358",0,0,-0.482769337289666,647.359196088526,614.481817354073
"359",0,0,0.331327564443633,412.586101366955,472.494811554026
"360",0,0,0.33283595880154,579.639123347415,542.072296319213
"361",0,0,-0.945286380774918,544.819294996324,521.093427840445
"362",0,0,-0.98001681697374,603.861401546061,602.678537963377
"363",0,0,-0.556680947094244,452.125596497589,422.738398862757
"364",1,0,-0.361076926817429,459.820189126856,412.683922599915
"365",0,0,-1.41208807495234,543.728309339774,528.684806116199
"366",1,1,-0.0288860321890053,699.894552666856,684.124025465371
"367",0,0,2.25264901504442,565.075897251832,589.826911323599
"368",0,0,0.809502445513503,480.887235556255,499.242947406211
"369",0,0,-0.547624138772586,496.635472358029,570.71371282218
"370",1,0,0.781132367756513,565.007073703346,496.161556448015
"371",1,0,-1.24206017457803,360.770015343572,353.162956373999
"372",1,1,-0.950328904093624,670.839239501183,621.833338238162
"373",1,1,1.04793141360064,439.576868407056,471.549426795704
"374",1,0,1.7608485179525,298.779646790911,399.697313667058
"375",0,0,2.41503064419717,662.909481726034,684.812564668102
"376",1,0,-0.165376093523316,537.68593926819,496.264427909447
"377",1,0,-0.302873849286684,491.596355623657,543.469719873499
"378",1,1,0.753402113732466,561.158232834534,609.443703275583
"379",1,0,0.954173368281736,591.84156518294,607.122761667339
"380",1,1,0.424758108752712,565.55267138007,527.273340774077
"381",1,1,-0.320089916905398,563.201964683579,657.552090411445
"382",0,0,-1.54267718088483,343.326846453359,341.858892941807
"383",0,0,1.16594516319284,571.714362261864,611.419125784824
"384",0,0,-0.909432511665341,380.999834384902,423.742369502042
"385",0,0,-0.406993519306481,536.577769625045,594.310304129193
"386",1,0,1.96014402166875,603.052901861014,546.64450089591
"387",1,0,0.243471107866643,404.968335215193,389.271360965324
"388",1,0,-0.516664862892764,286.827497410232,372.546146325092
"389",0,0,-1.58689678418465,534.753207223813,503.875839808572
"390",0,0,-0.183776450861765,541.407933322121,602.303842862869
"391",1,1,1.46971310451579,528.391777602069,616.39562842508
"392",1,1,-0.887532759122729,405.434595619147,481.984236340315
"393",0,0,0.11872339159154,576.378043310819,545.197804784183
"394",0,0,-0.0440833392805429,547.520690310829,577.829782969484
"395",0,0,-0.293270421040089,555.934750969466,647.225955117854
"396",0,0,0.119573725452175,532.805316792222,481.637256873208
"397",0,0,1.33585959555476,447.826209180492,529.32270908237
"398",0,0,-1.50000588316755,577.048688655689,473.379470826253
"399",1,1,0.246422200769259,517.535352320182,532.08380900134
"400",1,0,-0.144579531195647,447.500396155284,397.816907375923
"401",1,0,-0.44222620151736,516.663686081698,539.882830239051
"402",0,0,0.0130920786248667,647.83502363335,589.000390327995
"403",1,1,-1.41395586927016,505.523106636502,445.030713008849
"404",1,0,0.0963711783940184,457.576842723246,370.600511340747
"405",0,0,-1.39694289620919,384.005870907329,399.558190752251
"406",0,0,1.6266944869454,581.056137581995,512.827409874858
"407",0,0,-1.87707720797556,547.790338562676,483.368494027287
"408",0,0,-0.820733462979056,420.131044440293,504.578520185882
"409",1,1,0.906329525956308,528.698927942195,618.570166532067
"410",0,0,-0.37225789220945,486.331390557153,395.001694508431
"411",0,0,-0.0125686015747597,460.011686425904,449.293071383981
"412",1,1,-1.37500451753223,473.774111780273,512.974482571874
"413",0,0,1.38031429585095,337.122995916794,431.591529855239
"414",0,0,1.10564510951664,626.661001318776,600.38048697145
"415",1,0,0.119887842095055,335.33796310591,477.101722149547
"416",0,0,-0.540102980767801,375.004726274329,345.635351553496
"417",0,0,-0.516871877805448,592.855165429921,522.380837949062
"418",0,0,-0.730724801808847,404.825786725195,436.815804893639
"419",1,1,0.444105609413969,540.481825231254,560.317720167769
"420",0,0,-0.344209674794378,638.075756713055,583.49890112793
"421",0,0,0.598604298371586,419.487235655712,430.129724259095
"422",1,1,-0.844335589623863,385.013867472602,536.934702040994
"423",1,0,-0.109758917048705,515.282149326392,536.349380437395
"424",1,0,-1.01113513461279,405.774107406983,381.276693123804
"425",0,0,-0.457052332601219,465.820653699372,489.237342509015
"426",0,0,1.20121181245612,380.685027099237,412.779795193355
"427",0,0,-0.447587532534183,456.196754927813,620.18645080061
"428",1,0,0.272628803235563,409.086391954732,325.747210932728
"429",0,0,2.27620483922126,536.567848227864,543.412830122999
"430",1,1,0.159275403244739,576.556895491241,495.361599456904
"431",1,0,1.06555858520969,562.769622937904,544.425359679171
"432",1,0,-0.25770467672122,389.207026631957,461.307234939551
"433",1,0,2.23039982746855,478.825605425396,449.365306788988
"434",1,1,-0.0719147035932654,639.635232558192,624.495947387972
"435",0,0,-1.23711750454219,430.144891209582,419.116860923665
"436",0,0,1.66853002705266,653.376089642798,600.127165001
"437",0,0,-0.493546658703592,404.061246365384,413.058977755894
"438",1,0,0.479032973274132,422.737407784761,385.382983608902
"439",0,0,1.93854245703486,536.03106826618,483.562494089121
"440",1,0,-0.114844548371439,547.953524352054,571.666978239653
"441",1,0,0.798765908456374,474.714548186402,522.609622820378
"442",0,0,0.372216902366849,568.313572756677,513.987790844429
"443",0,0,-1.39363597975123,515.53702522187,527.024202385795
"444",1,0,2.42839692721425,497.622145558828,554.652842532677
"445",0,0,-1.01852192846249,264.524379055564,224.224843919462
"446",0,0,0.639444751834467,458.421876478724,499.02397966011
"447",0,0,-1.10080405556508,411.520061966509,369.158991462146
"448",1,1,-1.19034147819772,447.447918737958,527.570426015211
"449",0,0,-0.580243034071047,624.418645696037,604.451998872074
"450",0,0,-0.62665893119203,327.858020245829,337.05196137246
"451",0,0,0.737880474497534,499.029254563882,450.196002989192
"452",1,0,-0.556612504543263,391.701939983006,368.970202768729
"453",1,0,0.280121034421378,248.000119327446,205.741899424648
"454",0,0,-0.42568271518641,427.952989081719,504.390299128447
"455",0,0,-1.20896299531024,531.614315513389,465.839784470902
"456",0,0,-0.647978462751022,323.694858012144,359.684799151051
"457",0,0,0.940740265713786,341.600080267631,475.299439197001
"458",1,1,1.68663983156948,487.543521503473,503.152933546327
"459",1,0,-0.7675895837209,441.878976431252,439.895215390831
"460",1,1,0.311491632504752,613.450792751829,564.513097958791
"461",0,0,2.49099561282853,520.583944765826,554.970247123072
"462",1,1,-0.384379637492529,719.632962370582,558.841301790389
"463",0,0,-0.319760263550827,381.849365817518,348.687580471586
"464",1,1,0.560709213306363,567.988613246044,477.775944117153
"465",1,0,-0.531585017968687,403.905539625643,420.626591791018
"466",1,1,0.546370029906662,615.153109254851,650.53799305639
"467",1,1,-0.606231140458731,422.948936431769,476.278737998915
"468",0,0,1.70533788757474,695.630253657546,733.153639409941
"469",0,0,-1.12549166230209,473.16842886802,410.710180487597
"470",0,0,-0.683922243874754,239.760684389486,302.360547110746
"471",1,0,-0.516163354547266,363.223383966349,314.295065816627
"472",1,0,-0.615914361716486,451.167453575672,424.913107988238
"473",0,1,-0.743613903936469,608.332374039116,643.47833608696
"474",1,1,-0.707661287288285,626.028224645487,599.503015043383
"475",1,1,1.51256887463382,634.556467428205,644.322697213169
"476",0,0,-0.645780343813891,493.656471156871,492.959528283256
"477",1,1,0.427938238859239,654.686849326219,657.164875949315
"478",0,0,0.540402632329625,545.755775410271,619.147173080971
"479",0,0,-0.970018490765678,405.082522328062,460.872515603695
"480",0,0,0.753712059522164,684.269983204982,585.162002686292
"481",0,0,-0.748192736505988,405.993040216723,364.465206969234
"482",1,1,0.0944778614831238,508.905424380237,508.076264984673
"483",0,0,1.70600229321086,682.71853329952,591.012732959194
"484",1,0,0.0183730300701066,463.315957271725,467.656058113679
"485",1,0,-1.4435331129837,345.02832678783,429.328513801079
"486",1,1,-0.609395122902426,453.408927663614,464.154365215371
"487",1,1,0.208509834643882,614.164547218624,767.979884911837
"488",1,0,0.647832927501947,440.204394780723,412.432916056058
"489",1,0,-1.01119590792801,358.933654959638,339.842926718825
"490",0,0,-0.792586019343747,552.755719690121,485.260200043802
"491",1,0,-0.414244116699731,494.729727620366,444.953231954125
"492",0,0,1.6492373340732,562.265468278101,602.770122990789
"493",0,0,0.352143748179924,475.919872430213,548.014273225949
"494",1,0,-0.799174379388206,375.549126470264,379.374025308987
"495",1,0,1.31082178993432,553.777030662952,494.212819233455
"496",1,0,0.115140646919508,353.5484267967,436.851002481353
"497",1,1,-0.00996820932619964,582.847359094007,614.302034676323
"498",1,0,-1.12008798323465,286.449983126613,405.268639657233
"499",0,0,0.0489890894645924,373.144870546693,311.747018191815
"500",0,0,0.708680680226814,416.107484622923,435.815074151306
"501",0,0,2.44177935276887,538.270186893614,480.069034673233
"502",1,1,-0.142722456243629,603.416732988203,571.645246169815
"503",0,0,0.765006076952186,455.384475209236,441.140984662824
"504",1,1,2.69606711271467,616.54467453351,587.460086092705
"505",0,0,-0.450627811572648,412.010409001941,338.851305140622
"506",0,0,-0.433582046338173,435.825275485603,483.903871237922
"507",0,0,-0.000984423116459948,451.471285352474,358.574877191719
"508",0,0,-0.61109363336305,337.754286395151,354.431348551238
"509",1,0,1.12869793463427,464.175373155004,644.602461611691
"510",0,0,-0.651219092311918,599.134845504084,490.270339561546
"511",0,0,-1.35518172777553,447.679715427967,472.970863350547
"512",1,0,0.548644072160539,428.434043277571,506.683204404819
"513",0,0,-0.392490204723922,335.26503489961,381.999427317762
"514",0,0,-0.199449795460114,480.943633770759,458.674004180202
"515",1,0,0.975625919390154,428.073720816576,345.664365356473
"516",1,1,-0.246346853769494,452.934121213296,458.157839543304
"517",0,0,1.05223974228778,716.545914399454,552.829247263804
"518",0,0,-0.462235613904472,458.891833805237,557.62367980525
"519",0,0,0.487288901150223,545.719621609528,540.293913002473
"520",1,1,2.82285658192384,548.567355297378,656.333207548474
"521",1,0,0.222096539697964,508.00779737801,459.89318481996
"522",0,0,0.455537731587862,560.777478627262,604.766271629078
"523",0,0,0.230230015287377,448.458584078351,496.710721939549
"524",1,1,-0.779014942692616,505.254734660659,553.683601214824
"525",1,0,-1.75392937461174,325.007500578102,370.297994843477
"526",1,1,1.82604868321173,617.375989661958,681.178759846293
"527",1,0,-1.15004035874613,459.896351204251,530.412139953851
"528",1,1,-1.1127732936915,436.3851987897,459.967700585878
"529",0,0,2.24359932582893,710.681705398694,653.769292268812
"530",0,0,-0.51499497390914,514.119416282801,571.621193716223
"531",0,0,-0.449935238761486,329.210157823865,321.693558344967
"532",1,0,-0.985374789016027,396.300311987233,444.066727164656
"533",1,1,-0.342441457042223,636.180625957536,724.923772610587
"534",1,1,-1.07195431510546,435.239537419377,532.652860530285
"535",0,0,-0.965592623831292,483.264771084688,440.893300506329
"536",0,0,0.355710197145671,538.037229049374,629.592442692034
"537",1,0,0.092129352508767,357.086603102418,428.703849478999
"538",0,0,-1.06983914976432,486.809825913162,443.70666317424
"539",0,0,-1.05922203892914,335.878677091576,452.243182378218
"540",0,0,1.0797457440727,374.492143726375,445.996962113784
"541",0,0,-1.1817277671343,560.800908705526,477.862581629583
"542",0,0,1.15014523921176,416.521376375317,399.994163475828
"543",0,0,-1.78430278451795,455.494608160961,464.14012770699
"544",0,0,0.719180726180784,452.967495443832,514.98787269206
"545",0,0,-1.07867840703307,328.825420980332,351.110991996866
"546",0,0,0.396480387983099,413.366066845199,486.034642107784
"547",0,0,-0.376237866778055,411.383602755931,457.38301710912
"548",0,0,-0.929079933103917,354.95874275413,391.600853663098
"549",0,0,-1.57146111990344,523.6181676532,494.864129875825
"550",0,0,-1.26505564788549,497.040978732182,482.960886642489
"551",0,0,-0.944708122635588,350.424645339605,260.458089288983
"552",0,0,0.0897886124626599,621.184674941568,624.332653887465
"553",0,0,-1.17149422237592,461.5308745756,444.936765109138
"554",1,1,0.420982976661814,540.899984324132,532.181224108111
"555",0,0,-0.532706457277667,624.852618299855,619.090766672665
"556",1,1,0.407139287983127,559.39285877612,534.008805964816
"557",0,0,0.820856495307235,507.88227334082,601.368995194205
"558",1,1,0.0596709405800889,505.539970951422,615.28509846658
"559",1,0,0.777970701850682,322.019569598023,331.086735027546
"560",0,0,0.178858217769494,483.440568409831,509.956839318942
"561",0,0,-0.450757617992704,507.686252240642,397.538820350096
"562",1,0,0.666931578860257,437.890772465982,433.317268605998
"563",0,0,0.300926663292958,397.10800408008,490.586066691637
"564",0,0,-0.352777133908676,415.409669154485,550.046546588892
"565",1,1,-0.640908189930076,449.177024887483,526.56919969694
"566",1,1,-0.439149790765197,515.145641206995,522.288215282039
"567",0,0,1.31569564051281,499.278391878789,628.528630501552
"568",1,1,2.02926629221435,616.820627657383,703.082450967641
"569",0,0,0.802352811219837,663.145421381839,656.090192715949
"570",0,0,-0.274046964641633,498.664354793224,561.329779280761
"571",0,0,-0.366191940337593,618.572145616807,497.358507410042
"572",1,0,0.254096643989138,455.016353815464,569.540790126834
"573",1,1,-0.750556946334779,566.711063911405,522.176656852341
"574",1,0,-0.576395753602662,334.846196719047,370.751052073211
"575",1,1,-0.410966552526676,415.006741020643,493.085292324811
"576",0,0,-0.664381488752619,329.095303953532,422.12753499392
"577",0,0,1.09775220481688,616.993390576493,724.704617019056
"578",0,0,0.786489076976052,498.102641259186,487.886227782987
"579",0,0,0.379638235343237,540.389155340158,535.602409233796
"580",1,0,-0.0210685663558782,426.325733747637,356.02685266236
"581",1,1,-0.596662373216026,564.552471862658,611.724263368405
"582",1,1,0.0411912381982193,618.41234224096,542.542255339388
"583",1,1,0.207000977060134,548.229577651296,527.205693805973
"584",1,1,0.213470199616262,504.963379676605,484.6495379246
"585",1,1,-0.894334418283515,470.625125983677,404.768036034217
"586",1,1,-0.553531735187137,445.205892533095,437.749170980767
"587",0,0,-1.17976473675023,379.409614976368,395.41719136857
"588",0,0,-0.366987421842433,521.759651170771,464.731997055099
"589",0,0,-0.430106815167804,297.15332453826,327.244405901397
"590",1,0,0.312414932232355,504.32657725186,426.115639999669
"591",1,0,2.64700862385262,506.76565656753,549.240576870723
"592",0,0,0.65031865666153,489.085677970991,494.528177302337
"593",0,0,0.36582942740233,315.390441643268,347.133761237409
"594",0,0,-0.654978246436483,348.245897842206,406.645428450925
"595",0,0,0.0542116631020032,452.677767879757,354.798930711665
"596",0,0,-0.127583774559818,403.207031537673,423.817781971849
"597",0,0,-0.733472636286633,600.374419638731,566.94614455822
"598",1,0,-0.288128576620169,366.780179920283,365.460612481253
"599",0,0,0.413705765392891,515.392180842356,514.437375525735
"600",0,0,-0.355560756158902,493.277552896329,417.692179620595
"601",1,1,-0.432366662257582,486.018497865527,455.193825147809
"602",1,1,0.221324809697551,765.802748945568,694.515514336138
"603",1,0,-0.892709851438352,285.498540281672,328.75360466797
"604",1,1,0.511680685268419,395.476865388444,497.068004375591
"605",1,0,0.407025421331984,461.535631081857,474.707596044158
"606",0,0,-0.612787801864197,690.901987792534,632.327211963612
"607",1,0,-0.0826123332022098,325.496406547877,448.488757551623
"608",0,0,-1.15322338359776,520.818157027997,509.371236321209
"609",0,0,-0.990079882036761,373.773218326719,291.883870152859
"610",0,0,0.00621289750012575,630.147123342454,577.481855356519
"611",1,1,-1.82273586339296,549.934596781613,582.502379269763
"612",1,0,-0.492597792039169,476.323788079063,392.139022125208
"613",0,0,2.81288854105913,478.459767648731,420.282580094527
"614",0,0,0.452806042339773,575.23534016402,585.349725227793
"615",0,0,0.395513303120674,624.688543261841,526.939286728649
"616",0,0,-0.721348313116032,395.646968229436,354.519402219682
"617",1,0,-0.641508406929894,408.22808329404,400.197879849448
"618",1,1,-0.286663661430018,465.255328688825,546.5997727305
"619",1,1,0.666296472869232,637.845950605165,632.924755223446
"620",1,0,0.069301399304867,355.082740046424,334.611806338028
"621",0,0,0.302553085683812,393.28498473699,475.291360183171
"622",0,0,-0.673219816961207,477.112546016273,552.794778371949
"623",0,0,1.31866209031232,614.037804997257,620.006073575809
"624",0,0,0.961547830553451,628.34186672543,692.895513320915
"625",1,0,-1.54702244206406,364.350658078184,337.260329267085
"626",1,1,0.204203591568107,556.780897515335,603.37493852638
"627",1,1,-0.196211336752967,543.476239292277,539.559555783657
"628",0,0,-0.692484733250986,585.088467887106,664.4579847804
"629",1,1,-1.07684318360649,598.55071200585,685.688158401165
"630",1,1,-0.27379839574322,568.981672407977,482.190035796943
"631",1,0,2.03750825360229,606.344511179545,646.202007242474
"632",1,0,-0.23873951989177,492.227834893156,538.451526764354
"633",1,1,-1.33597564318584,549.71174269113,514.362164742694
"634",1,1,0.333624802031347,671.819919998289,605.733054081553
"635",1,1,-0.0823398986501915,597.057023523733,659.356849796317
"636",0,0,1.13585837779298,508.62739334149,545.788491765253
"637",1,0,-0.386907613975903,503.775013275252,532.292392273353
"638",0,0,0.364054670371104,368.234557394909,287.582026819617
"639",0,0,-0.700457931696502,583.694161816004,621.068771531543
"640",0,0,-0.540753087765607,387.667610367511,391.740791966983
"641",0,0,-0.160990200238066,589.517354912853,539.624131816309
"642",1,1,-0.534210292122997,398.896530356774,422.751397112699
"643",1,1,-0.638113298211556,443.829651592196,496.211774831523
"644",1,1,-0.256812611625305,615.250561983854,462.132174552709
"645",1,1,0.0598162673332534,423.198031622257,507.902455907433
"646",0,0,0.116025708820138,630.073031251756,523.91808234827
"647",0,0,1.33235050589973,634.114508852495,701.011394102898
"648",1,1,1.55521503063914,533.205035354853,682.712511288244
"649",1,1,-0.741461282259802,519.347965410607,562.562857792253
"650",1,0,-0.817563136896212,460.150442513047,369.662670519911
"651",1,1,-0.269130645574667,536.152258654526,526.820371570032
"652",0,0,0.0519547282550779,536.746209961498,553.704742324171
"653",1,1,0.816496625100678,450.123153512307,485.263379453346
"654",0,0,-0.199802056535265,423.655422205725,362.437404921169
"655",1,0,-1.02368967489755,286.282972864291,326.924894921699
"656",1,1,2.4197695428387,654.192896313596,730.300201485934
"657",1,1,1.09944824800477,592.118065422074,520.99017029075
"658",1,0,0.57057694142742,639.909556262106,514.971748768997
"659",0,0,0.401917654130731,416.241145849365,383.603420558005
"660",0,0,1.6674152301989,525.867015373921,556.662295884989
"661",1,1,-1.34428042202373,477.564600443912,628.158421949779
"662",1,1,1.53483331096277,607.146103180731,679.511570187979
"663",0,0,-1.17001890290869,404.89238247166,352.433045838847
"664",0,0,0.0264187585583359,557.64574305932,602.711299458627
"665",1,1,-0.105030790026921,459.585432558293,552.602798932422
"666",1,0,-0.453815165008015,406.912224379858,337.609846125287
"667",0,0,-0.372119309856244,539.564408593391,545.055937087602
"668",0,0,-0.606669818382325,554.540809513195,463.537758030263
"669",0,0,0.113381225015189,615.627980140072,521.392152151187
"670",0,0,3.2175372522766,631.732298945461,580.590294939492
"671",1,0,-0.783884830955885,405.226110493094,411.044865047806
"672",1,1,-0.735944970483565,489.106994992275,464.867168975097
"673",0,0,-0.908946181665186,542.038114501734,532.037067251606
"674",0,0,-1.1616404262801,541.904196860697,506.538718722387
"675",1,1,0.784978078972695,574.543251587123,600.14826959539
"676",0,0,-0.0583562509673834,417.473803485478,439.744673607415
"677",0,0,-0.428557000373906,494.574586719466,474.608742360593
"678",1,1,-1.68020566283235,445.398333986502,381.232692284749
"679",1,1,-0.913272150669775,393.78410717295,453.880916229973
"680",1,0,-0.460546219844637,366.637668323739,377.320314652971
"681",0,0,2.59114517113977,545.542004800893,536.780900029429
"682",1,1,1.81719268836547,632.751791081999,557.155191445863
"683",0,0,-1.34399084255128,399.700153023465,527.265178753362
"684",0,0,-0.0472813733791705,495.094593408444,492.242829122946
"685",0,0,1.20738962654389,359.079869039411,370.272169625986
"686",1,1,-0.163213052310304,589.081225093041,610.26074590039
"687",1,0,-0.794107390954831,387.507349686896,504.996587830422
"688",0,0,-0.0361854078298772,459.963059506736,441.611387021897
"689",1,0,-0.565561504739575,501.702272465794,402.293211406311
"690",0,0,-0.920830624532851,265.040518288538,250.184064181984
"691",0,0,0.205947991714296,591.840101379498,535.034786968167
"692",1,1,0.386305697334224,551.206234326763,571.470660660055
"693",1,0,-1.02629762543733,420.822899487352,447.4015502998
"694",0,0,0.115378473487476,497.210317476392,358.015587672058
"695",1,0,-0.239032651457699,478.256137018345,358.812546673507
"696",0,0,0.78769515605233,555.997709264405,565.70354079303
"697",1,1,1.2904276016421,606.212540139128,647.386800572587
"698",1,1,-0.566099738077039,453.046654604283,508.370021122221
"699",1,0,-0.942650821192274,490.967235553174,457.560871088699
"700",1,0,-0.365589134489115,385.792289422374,439.833621890838
"701",0,0,-0.881193461349079,495.08802417728,541.293043402927
"702",1,0,0.173471420722538,370.953773626865,367.37686406254
"703",0,0,-1.14339888008112,407.641134014623,359.367047910251
"704",1,0,-0.441719727983454,506.325773189768,386.027606209213
"705",1,1,0.196953711511738,502.362520930088,564.889219797705
"706",0,0,1.01418758629341,551.697751430157,374.864766797482
"707",0,0,0.507793265427938,578.233201000584,579.153693871513
"708",0,0,-0.782655206117658,366.215391101455,344.911647150711
"709",0,0,-0.92335669796758,264.514607436258,262.051707297524
"710",0,0,-0.680104631190529,522.135874942387,444.560747077064
"711",0,0,-1.19259262938197,407.311058917856,507.139228072132
"712",0,0,-1.47500497590519,451.007445892699,397.224411127736
"713",0,0,0.85311422376328,397.671296636289,487.794519144415
"714",0,1,-1.52076535748937,632.388524358383,661.658868172028
"715",0,0,-0.606604857111912,636.295595954842,637.973920581475
"716",1,0,-0.46348845626735,509.284117556103,525.339587678895
"717",0,0,-0.58629900548663,467.385460390695,460.38598919691
"718",1,1,-0.981615293323479,629.583424145601,587.760099045276
"719",0,0,0.599280310102785,516.848624034079,532.041436635855
"720",0,0,0.740503219088086,460.108360905783,471.214363336236
"721",1,1,0.637324686381775,483.184308229025,508.495088220333
"722",1,1,-0.606829892189693,590.424090939918,651.266604686377
"723",0,0,-0.0518449956642252,522.502363636455,502.839170503036
"724",0,0,0.046545607030079,527.354442575028,573.458515936161
"725",0,0,-0.308117219144378,601.954976086021,601.714023985515
"726",1,1,-1.07436717522529,515.727140408993,519.501534181268
"727",0,0,0.688437442970615,640.142092141788,576.272969594385
"728",1,1,-0.801662441829489,572.61140378908,491.971695042579
"729",0,0,-1.54745181099547,640.80619246552,646.82874904999
"730",0,0,-1.1471994133072,403.867614191729,306.883734062923
"731",0,0,-0.0794125892001895,646.961434006007,534.722852895408
"732",0,0,-1.76908960722467,588.516903692901,698.877910947216
"733",1,1,0.921728014190888,561.706635367698,586.10307491331
"734",0,0,0.134718031952343,354.836008262241,350.649259960936
"735",1,1,0.782513948132429,506.332019130995,542.551896355939
"736",0,0,-0.250218694704297,525.020103794959,524.96342082131
"737",1,1,0.371005718193641,572.989185372729,545.303889212718
"738",1,1,0.139705288051087,466.488054854845,483.070841467279
"739",1,1,0.56564069223464,657.961066909702,668.388698235788
"740",1,1,0.00300001739278472,471.775331815354,470.918093414185
"741",1,0,0.666655027084985,398.795120826041,436.074890440624
"742",1,1,-0.965797983352752,589.801742529056,563.480535451577
"743",0,0,0.233715342094685,454.758610611755,455.640208659807
"744",1,0,-0.958180223974582,422.66601265095,404.735637592381
"745",0,0,0.148816062152794,540.528747133484,569.151422595571
"746",0,0,-1.22192923363115,442.21901217496,374.687786121511
"747",1,1,0.579994306048997,619.904875562276,652.687786883505
"748",1,1,0.205811349741572,558.320474203982,553.299574051764
"749",1,1,-0.0255115981596838,472.544591255075,596.239461574031
"750",0,0,1.05944928761123,483.273446343217,491.040732475323
"751",1,0,0.244137426269875,436.513196405427,478.403697656607
"752",1,1,0.336639285575452,718.714126736697,679.872345371807
"753",0,0,0.57267896491233,558.809946535215,506.686955740498
"754",0,0,-0.651947380565277,537.807319008217,511.733766885035
"755",0,0,-0.294075772172493,389.92211496551,525.16288782801
"756",0,0,-1.38571424954751,648.713853783197,552.059754935108
"757",0,0,-0.687792288537385,302.641529477555,355.872231568922
"758",0,0,-1.12992439217535,398.147094176224,367.663488388766
"759",0,0,-1.02943138883089,523.204725370644,541.032759262255
"760",1,0,1.62113120393823,464.794987336632,395.29747980996
"761",0,0,1.1204096572557,644.924198735382,611.790384161627
"762",0,0,0.685953790720263,452.860834409588,484.747326230656
"763",0,0,0.51578878228762,295.784583060873,468.074791392962
"764",1,1,1.05647305109406,648.553675226384,686.167994599689
"765",0,0,0.573532559193781,560.777898282049,584.153106166495
"766",1,0,0.164121173081302,438.835528372681,419.194673553426
"767",1,1,0.0274157540671156,640.602638101374,570.212544553638
"768",1,0,0.351550385185997,601.347012821131,466.34170863045
"769",1,0,-1.24269086691817,228.997786673447,308.57298988904
"770",0,0,-0.225801059233568,306.286581817233,302.048201139351
"771",1,0,-0.00960226976773506,521.204369739114,459.267350138755
"772",0,0,-0.0465086002386598,392.252425140649,364.667891454475
"773",0,0,0.984061937122488,574.100077493528,603.270643090604
"774",1,0,-0.775116257482673,250.944829649605,488.355011814726
"775",0,0,-0.105080977067292,471.286737609216,479.86812158852
"776",1,1,-1.26224231105727,433.874079128465,492.585398692227
"777",1,0,0.0223139294342287,296.61478483464,311.551802326223
"778",0,0,-0.463688681832338,592.88864500485,479.939134433175
"779",0,0,0.679068219668513,557.054146443035,557.674238063126
"780",1,1,-0.734618453844751,395.807839241596,408.007580809615
"781",0,0,-0.325528075670388,483.574208149911,460.719566251199
"782",0,0,-0.701658921952921,417.548079373559,443.959407574665
"783",0,0,-1.01807977413403,369.185240795827,339.194197802348
"784",1,0,-0.252939701133603,452.390202823928,516.550743537821
"785",1,1,0.0599753160614899,660.361475518534,659.852209675887
"786",1,1,1.33978703127541,553.531496767573,599.861150772486
"787",0,0,-0.270221504882507,276.894037598245,295.072520975872
"788",1,1,-0.478537379788558,594.417285368717,605.910500324178
"789",0,0,0.502675224229046,739.608003615088,736.53774086242
"790",0,0,1.43231585471977,608.582397842225,492.589584240017
"791",1,0,-0.915400104855249,484.710441609733,363.353022867859
"792",1,1,0.178684752427083,544.026338520796,583.141574773577
"793",0,0,-1.70746677133124,359.24083481115,426.013909978455
"794",0,0,0.123232789324142,495.247349144384,535.187259991101
"795",1,0,1.74690397767022,513.666226287926,445.019021449809
"796",0,0,1.91245004048876,655.254343258738,647.097587338655
"797",0,0,-0.909024405167756,379.247336223195,358.036784635272
"798",1,0,-1.07869741708021,425.855403130769,372.200211570871
"799",0,0,-0.708919004217193,476.629763713091,528.656464920482
"800",1,0,0.206601518438859,438.215649484108,394.201936917007
"801",0,0,0.133774210394169,449.036391909686,428.967582141549
"802",1,1,-1.282330688901,474.728778443905,511.909290326529
"803",0,0,-0.945670985652695,473.648381763215,490.124344609322
"804",1,1,1.60468494650019,553.812419284061,580.205783001589
"805",0,0,0.522018498488465,625.174147993582,535.249639863308
"806",1,1,0.355134541156161,439.625454373376,559.449045779909
"807",0,0,-0.251300015425426,504.676471775249,540.604759571794
"808",1,0,-1.27063504068308,446.446232791667,475.796309897432
"809",1,1,3.48776500986152,656.108031820874,635.599984049814
"810",0,0,-1.18641109327215,459.547262390347,474.180669646198
"811",0,0,0.803986336468628,511.677759775912,546.387017216591
"812",1,0,0.417538181774915,646.105321588238,541.726658132491
"813",0,0,0.170430677761893,518.237812095984,524.770906299755
"814",1,1,-1.16304143516577,479.176710370425,427.52493282537
"815",1,1,-1.09784575032738,650.132006388598,559.58033112865
"816",0,0,1.01561170481868,412.938046932353,365.103219549326
"817",1,0,-0.384818380360544,512.708048940635,505.837366338126
"818",0,0,0.0253954934099705,548.834184276015,468.341711712168
"819",1,0,-0.14578568311737,433.676832234603,546.300228135739
"820",1,1,0.549573331232268,537.811383269696,511.824466424923
"821",0,0,1.22025595366982,454.396355134155,443.540669862993
"822",0,0,-0.680506324937157,483.768318633832,580.245218525175
"823",1,1,0.258075071111669,439.652836550123,526.993568488932
"824",0,0,1.21808297235575,396.951272961546,454.553132403052
"825",1,1,0.723080853997825,609.076941650141,702.782419941889
"826",0,0,-1.19195287691567,466.512659877265,432.887663000262
"827",1,0,-0.00304872326075238,471.142718171209,532.629781543161
"828",1,0,0.210467460113352,304.356906611204,277.621944701076
"829",1,0,0.273552708249971,537.275064404618,421.441935380944
"830",1,1,-1.00026884117589,510.726685247021,499.023689178993
"831",0,0,-1.27825828359504,323.184434186244,296.142291855521
"832",1,0,-0.300515856046809,427.157164195398,448.787242357263
"833",0,0,-0.473260379283837,270.793137616481,302.85438490132
"834",0,0,-0.76050708070577,506.864755211955,491.723750473127
"835",0,0,-1.31684436692119,468.094004136794,471.305066766486
"836",0,0,-0.382960498901869,510.835596989186,369.586700176878
"837",1,0,-0.350820693734983,389.761819416352,465.792376768144
"838",1,1,0.0518870510982958,566.828333344568,611.619732745431
"839",1,1,-1.32558441950395,507.780074937995,434.053093216192
"840",0,0,0.051490854434809,616.094728344429,540.016279239882
"841",0,0,-0.826758256482613,436.489500735757,426.355531951171
"842",0,0,-1.71468814696175,396.034642666962,463.773102419925
"843",0,0,-0.786338993769042,466.944492568047,560.766846152263
"844",1,0,3.25356629060359,513.511243764673,461.562967396107
"845",0,0,-0.819097532973679,304.274340610849,324.186804389848
"846",0,0,-0.1638098385837,450.674862972472,470.612895311401
"847",0,0,0.516277096794615,473.303322340183,582.084652474627
"848",1,1,-1.01746012118135,572.938705735783,595.046455521255
"849",0,0,-0.351763691703821,361.333778865207,460.182294602122
"850",1,0,0.0426868021914612,310.684075779824,382.635360897079
"851",0,0,0.320994169577637,453.784583314443,487.526531329194
"852",0,0,0.403244436348942,482.380566204542,534.032548562559
"853",1,1,-1.3004642755775,529.931680151139,575.597489779671
"854",0,0,0.193702162247677,524.35076705746,604.826870959875
"855",0,0,-1.04595302158922,540.500469427387,496.561614000863
"856",1,0,0.964851364064963,471.02341436264,513.039774328299
"857",0,0,-0.739862519383955,516.773522727912,510.660318020915
"858",1,0,0.570196961553349,444.237445943052,507.597348614107
"859",1,1,0.107713119173197,433.971043182654,433.439889459583
"860",1,0,-0.286344277894325,615.141772287755,528.891408733008
"861",1,0,-0.156745998087955,283.90662009308,412.160343214742
"862",1,1,-0.766026805524063,606.978646491088,614.107674091525
"863",1,0,-1.71710648036123,399.735020971982,349.146184282103
"864",1,0,-1.77677769465783,294.704245336528,301.978520586396
"865",1,0,0.920415015146916,438.057943691956,418.027943693228
"866",0,0,1.14437758049578,585.325587217618,595.745321963328
"867",0,0,0.0182239196529977,497.089173941819,467.198291063597
"868",1,1,-0.650369983504611,656.255143749498,560.776260594354
"869",1,0,0.694307626233772,368.936698799782,471.926745529288
"870",0,0,-0.357376650278727,568.079229927723,592.727805113894
"871",0,0,-1.1181077264073,500.344603567202,467.542729711883
"872",0,0,0.172741921604724,588.735395749064,594.185857141947
"873",1,1,-0.706351148030008,609.204617004753,502.704121006435
"874",1,0,-0.204036968106027,411.371728333383,351.271677351718
"875",0,0,0.403543464187417,594.580912641641,578.238779773474
"876",1,0,-0.0805491223957261,423.466827802191,377.856201159678
"877",0,0,-0.815853227207574,414.947003032328,464.978074247231
"878",0,0,-0.301009307624704,492.002067647931,503.5032021204
"879",1,0,-0.784955268800178,452.863683601374,519.027239360473
"880",1,1,-0.680825024783748,366.112871702885,415.964552871317
"881",0,0,5.31511251350852,688.550084315341,725.943089997332
"882",0,0,1.21850134928965,573.074732265097,548.62365746908
"883",1,1,-0.290139995236526,600.5852686859,558.566780344925
"884",0,0,-0.0277893565440861,480.236079605148,498.894388046297
"885",1,1,0.519053612025368,637.550253470887,651.22092377813
"886",0,0,0.918071664077415,564.745240310981,488.761243880791
"887",1,1,-0.50294042511473,381.54938260086,454.543290354912
"888",1,0,-0.136338356133304,327.461834519551,413.227769220345
"889",1,1,1.36771215483715,586.898656522593,650.928965611943
"890",0,0,0.110438899425855,631.512246034314,593.408018868723
"891",1,1,-0.89179672012148,653.47660366524,685.966842112099
"892",0,0,1.88196244582241,399.915121956497,318.506516157223
"893",1,0,1.7289661903549,465.419395259593,548.554701813185
"894",0,0,0.646716774051318,552.047185456713,627.708012888165
"895",0,0,-0.382414027643797,418.274413734262,559.96028295288
"896",1,0,-0.336272868479586,368.136333642101,307.706319988751
"897",0,0,-0.0164870756691017,464.255507099313,467.887519853485
"898",1,0,-0.0682730619382244,312.347975679426,320.363688873818
"899",0,0,0.901942157198947,517.72107941393,464.712228702224
"900",0,1,-0.424663707317521,579.211926708614,596.379263108939
"901",0,0,0.0279275094945056,452.767511892247,393.862741370104
"902",1,1,-0.708593418704093,425.874381777338,578.653108347558
"903",1,1,-1.12610472650545,364.590451169715,373.234567958941
"904",0,0,2.14839304904835,482.89947618234,468.557731944067
"905",1,0,1.15699212871975,560.415694335602,554.745671569318
"906",1,1,1.73628885764107,757.790347076778,721.214346616388
"907",1,1,-1.30179184464881,603.887107775882,557.16835444987
"908",1,1,-0.34817576268524,685.438104421772,611.517499587977
"909",1,1,0.155653406449557,580.143652031613,500.516694010687
"910",0,0,0.257760870981206,395.712346346658,501.234709157959
"911",0,0,-0.181094007245843,215.344870314478,334.153217602795
"912",1,0,0.610333590915808,543.49765899172,439.822032906746
"913",1,1,3.61584140216484,588.232337176848,511.381880812026
"914",0,0,1.14176639938332,501.174690744266,513.823970766711
"915",1,0,0.430996193410725,486.84661552028,453.353277784689
"916",1,1,0.287550759852995,562.870528747735,578.433204764235
"917",0,0,-1.12092577633163,415.586409638296,413.665605045959
"918",1,1,1.30003786517043,682.958978605264,654.76229591886
"919",0,0,-0.113345646418556,391.456072260548,436.889267357978
"920",1,1,-1.14163843685451,482.854620238946,460.16381161673
"921",0,0,-1.11966062316808,340.563164072153,424.800009170846
"922",1,1,-0.0579664096421799,546.454537681848,561.261498204445
"923",0,0,-0.433264901970678,525.525092459965,533.888323121769
"924",1,0,0.194711674519653,330.442033826085,349.313610070895
"925",0,0,-0.7739363250046,526.247527992478,479.435448468119
"926",1,1,-1.03644230513863,563.641289196809,642.589020350213
"927",1,1,-0.797808944153884,621.84381381735,635.417148583443
"928",0,0,2.19780620248361,639.541982464771,640.650581347097
"929",0,0,2.12043853677716,508.307236183181,509.157565136472
"930",1,0,0.264962934782512,414.958533312074,436.977355236245
"931",1,1,0.646421428829484,566.429088326926,652.159568071623
"932",1,1,0.97561389289564,466.906866488708,536.210222633061
"933",0,0,1.6941804076408,553.384658185175,518.138276468924
"934",1,0,1.41928469744735,533.733997445977,477.598175172064
"935",0,0,-1.28409399018658,488.307190138273,542.309309929181
"936",1,0,-0.297135348142508,484.364646256525,514.541520005157
"937",0,0,-1.8870373171532,447.521898879552,376.578998314051
"938",1,0,-0.614778182882706,377.180537640646,496.139072409156
"939",1,1,-1.86812171361507,450.616535976835,517.231415673383
"940",1,0,1.12787273960494,488.833074609836,588.252175625317
"941",1,0,1.69758994117811,430.469450517113,425.327993060108
"942",1,0,-0.274436921727799,343.777096181232,399.639252619205
"943",0,0,-0.687519236726028,462.862488463897,381.678394079732
"944",1,0,-0.857285599638759,411.260237260143,338.341595557184
"945",0,0,0.563359469302005,604.205736263008,566.308759217883
"946",1,0,-0.742275090238359,452.263332242565,341.65810683353
"947",1,1,-1.197745962752,563.720657066485,549.83370919473
"948",1,0,0.34538143120858,426.403010626811,435.630368288522
"949",1,0,-0.745290636339729,401.379475989255,479.158250335585
"950",1,0,-0.644724118239846,411.10461521996,438.348429226974
"951",1,1,0.442418616856223,443.610896959917,492.02565184849
"952",0,0,-0.825223042164817,266.737685416846,491.972976023732
"953",0,0,-0.734906896176339,412.570784619194,406.904374740264
"954",0,0,-0.868958833075617,241.540877364232,301.416762714593
"955",1,0,1.90035536146446,460.122769827488,489.976188320321
"956",0,0,-0.584246140750895,595.487592141718,552.883373206919
"957",0,0,0.167984992024215,354.134984574548,340.053697989392
"958",0,0,0.329351886923606,604.623665452571,653.585210688116
"959",0,0,-0.820839272253773,495.808767983272,501.671319206365
"960",1,0,-0.830707914916454,521.540845638741,459.74597046516
"961",1,0,-0.108841654318271,466.53226121766,500.963709161242
"962",0,0,0.430396920000929,548.62684532576,593.229608889818
"963",0,0,0.804559894851064,523.71649424276,489.128864095509
"964",0,0,1.83192412230913,612.594493682785,556.163374188003
"965",1,1,1.21676376394456,466.652128750796,529.169586188333
"966",1,1,1.11782299236194,610.941951157277,627.260856253912
"967",0,0,1.24490404848274,650.5765349517,693.086653176812
"968",0,0,0.288352634546162,548.562254879888,511.047774314766
"969",1,1,0.634165144788774,464.869489157668,531.67327987321
"970",1,1,0.324622926334546,473.057315522263,514.054252650675
"971",1,0,0.205240978367425,511.422964417939,510.30022656837
"972",1,0,-0.714684031923284,357.845979565987,351.54577661085
"973",0,0,1.23834555285027,522.561554376829,580.79078440515
"974",1,0,0.931624833979832,460.774885593015,541.742415077197
"975",0,0,1.13830992304116,591.827806276845,548.054800266053
"976",1,0,-0.760220945665885,490.366246397052,446.168208701983
"977",0,0,1.48115199819711,661.138169888942,738.535156868526
"978",1,1,0.983277955940946,529.768827764772,644.974007955378
"979",0,0,0.0772142042242364,667.914439284331,528.695971002243
"980",1,1,0.32295906569222,575.005110448598,648.487556073439
"981",0,1,-1.22326439353967,612.136571521997,668.575214176012
"982",1,1,-0.589252310238891,569.231668854341,654.292237143862
"983",0,0,1.89128936065261,645.682611133227,655.219955454721
"984",1,1,1.35323636821377,576.719478259199,658.22243523281
"985",0,0,0.112109551946656,605.642740271592,623.173526730531
"986",1,1,0.21484868026835,558.57187228917,586.145526599218
"987",1,0,-0.388922879492804,373.745619058799,475.087590078246
"988",0,0,1.0561451745777,452.631519738399,493.154913237889
"989",1,1,-0.81553703595053,641.966930715182,670.961995505411
"990",0,0,-0.856666366565056,579.782061313849,598.698061713555
"991",0,0,0.448540286825603,438.877291769391,467.421773213225
"992",0,0,2.08382118596179,615.693515281443,636.667391040321
"993",1,0,-1.65597090506565,457.005233713566,366.753939131457
"994",1,1,-0.381187970135846,543.755712391265,499.073371766003
"995",1,1,-0.408604156929473,548.285237132518,541.935752702358
"996",0,0,-0.950973145160533,492.051538443195,299.903784311662
"997",0,0,-0.598517207126547,703.06413766325,670.569162414575
"998",1,1,1.72447685274029,577.476338752956,581.657731991472
"999",0,0,-0.0852558009007223,528.097966568761,521.752738811091
"1000",1,1,0.401994987420082,565.789095324944,582.695354954217
