"state","year","s.prof","math4","math8","read4","flunch","puptch"
"Alabama",1990,60.5,NA,252.863662719727,NA,0.417175829410553,18.1262016296387
"Alabama",1991,60.5,NA,NA,NA,0.414604723453522,19.9031047821045
"Alabama",1992,60.5,208.327880859375,252.187515258789,207.358489990234,0.410801470279694,17.836067199707
"Alabama",1993,60.5,NA,NA,NA,0.401753336191177,17.4360485076904
"Alabama",1994,60.5,NA,NA,207.963516235352,0.396673381328583,17.0752735137939
"Alabama",1995,60.5,NA,NA,NA,0.391848534345627,17.212287902832
"Alabama",1996,60.5,211.64697265625,256.594848632812,NA,0.383227318525314,16.9363765716553
"Alabama",1997,60.5,NA,NA,NA,0.379606693983078,16.6077938079834
"Alabama",1998,60.5,NA,NA,211.337524414062,0.376807749271393,16.2988014221191
"Alabama",1999,60.5,NA,NA,NA,0.36919704079628,15.6592559814453
"Alabama",2000,60.5,217.223220825195,263.617401123047,NA,0.366210728883743,15.2338762283325
"Alabama",2001,60.5,NA,NA,NA,0.373141884803772,15.3544425964355
"Alabama",2002,60.5,NA,NA,206.880035400391,0.397764474153519,15.7569732666016
"Alabama",2003,60.5,223.344650268555,261.939025878906,207.083847045898,0.411007553339005,15.6927938461304
"Alabama",2004,60.5,NA,NA,NA,0.423087447881699,12.5920438766479
"Alabama",2005,60.5,225.071243286133,262.211090087891,207.752029418945,0.433322370052338,14.1516456604004
"Alabama",2006,60.5,NA,NA,NA,0.430334031581879,12.8427896499634
"Alabama",2007,60.5,228.52001953125,266.000122070312,216.388946533203,0.424992471933365,13.2474431991577
"Alabama",2008,60.5,NA,NA,NA,0.440520167350769,12.0934753417969
"Alabama",2009,60.5,227.962646484375,268.524108886719,216,0.446358859539032,11.5352449417114
"Alabama",2010,60.5,NA,NA,NA,0.452197551727295,10.977014541626
"Alabama",2011,60.5,231,269,220,0.458036243915558,10.4187841415405
"Alaska",1990,69.5,NA,NA,NA,0.142368227243423,16.8330249786377
"Alaska",1991,69.5,NA,NA,NA,0.153182968497276,16.9751110076904
"Alaska",1992,69.5,NA,NA,NA,0.160026967525482,16.6732234954834
"Alaska",1993,69.5,NA,NA,NA,0.154114320874214,16.8205165863037
"Alaska",1994,69.5,NA,NA,NA,0.149275898933411,17.509801864624
"Alaska",1995,69.5,NA,NA,NA,0.185585990548134,17.6345596313477
"Alaska",1996,69.5,223.833450317383,277.64306640625,NA,0.193405315279961,17.2947559356689
"Alaska",1997,69.5,NA,NA,NA,0.20225678384304,17.5140190124512
"Alaska",1998,69.5,NA,NA,NA,0.244597837328911,17.3276062011719
"Alaska",1999,69.5,NA,NA,NA,0.217922061681747,16.6756591796875
"Alaska",2000,69.5,NA,NA,NA,0.230282470583916,17.1460838317871
"Alaska",2001,69.5,NA,NA,NA,0.242921337485313,16.9233493804932
"Alaska",2002,69.5,NA,NA,NA,0.164490386843681,16.7403430938721
"Alaska",2003,69.5,232.991653442383,279.025054931641,211.547149658203,0.191762670874596,16.629207611084
"Alaska",2004,69.5,NA,NA,NA,0.20058536529541,17.1533050537109
"Alaska",2005,69.5,235.510711669922,278.958709716797,211.061325073242,0.207904040813446,17.1441459655762
"Alaska",2006,69.5,NA,NA,NA,0.246931463479996,16.8463096618652
"Alaska",2007,69.5,237.273895263672,282.557159423828,214.476959228516,0.267374515533447,16.7794513702393
"Alaska",2008,69.5,NA,NA,NA,0.281899303197861,16.9658966064453
"Alaska",2009,69.5,237.212280273438,283.047668457031,211,0.30153489112854,16.9898300170898
"Alaska",2010,69.5,NA,NA,NA,0.321170479059219,17.0137634277344
"Alaska",2011,69.5,236,283,208,0.340806096792221,17.0376987457275
"Arizona",1990,46.25,NA,259.590057373047,NA,-0.793965518474579,18.9087886810303
"Arizona",1991,46.25,NA,NA,NA,-0.669921338558197,19.3971252441406
"Arizona",1992,46.25,215.253936767578,265.366271972656,209.402069091797,-0.570606410503387,19.3354530334473
"Arizona",1993,46.25,NA,NA,NA,-0.476783603429794,18.6682834625244
"Arizona",1994,46.25,NA,NA,206.21272277832,-0.376809448003769,18.9222793579102
"Arizona",1995,46.25,NA,NA,NA,-0.289595127105713,19.3387184143066
"Arizona",1996,46.25,217.575942993164,267.874847412109,NA,-0.214883670210838,19.5587768554688
"Arizona",1997,46.25,NA,NA,NA,-0.132631838321686,19.7243404388428
"Arizona",1998,46.25,NA,NA,206.434860229492,-0.0641579180955887,19.7941360473633
"Arizona",1999,46.25,NA,NA,NA,0.00181831151712686,20.0288543701172
"Arizona",2000,46.25,218.867614746094,268.576080322266,NA,0.0648789927363396,19.4252262115479
"Arizona",2001,46.25,NA,NA,NA,0.124292239546776,19.7510242462158
"Arizona",2002,46.25,NA,NA,205.347274780273,0.176608681678772,20.0408554077148
"Arizona",2003,46.25,228.911392211914,271.177337646484,208.872802734375,0.0897931754589081,19.9094505310059
"Arizona",2004,46.25,NA,NA,NA,0.372815847396851,21.3035545349121
"Arizona",2005,46.25,229.800674438477,274.305084228516,207.142730712891,0.398563981056213,21.3200778961182
"Arizona",2006,46.25,NA,NA,NA,0.368888050317764,21.3028259277344
"Arizona",2007,46.25,231.936935424805,275.548431396484,209.520629882812,0.319099366664886,20.2390880584717
"Arizona",2008,46.25,NA,NA,NA,0.445176810026169,21.2047557830811
"Arizona",2009,46.25,229.991104125977,277.332275390625,210,0.49019068479538,21.3529796600342
"Arizona",2010,46.25,NA,NA,NA,0.535204589366913,21.5012035369873
"Arizona",2011,46.25,235,279,212,0.580218493938446,21.6494255065918
"Arkansas",1990,46.25,NA,256.213989257812,NA,0.313684016466141,17.0005855560303
"Arkansas",1991,46.25,NA,NA,NA,0.312895655632019,16.790563583374
"Arkansas",1992,46.25,210.206024169922,256.312103271484,210.899765014648,0.334494829177856,17.0067100524902
"Arkansas",1993,46.25,NA,NA,NA,0.33475050330162,16.9692897796631
"Arkansas",1994,46.25,NA,NA,208.634460449219,0.348352700471878,17.0781497955322
"Arkansas",1995,46.25,NA,NA,NA,0.350333482027054,17.0950298309326
"Arkansas",1996,46.25,215.846435546875,261.652740478516,NA,0.354814141988754,17.1370182037354
"Arkansas",1997,46.25,NA,NA,NA,0.365628868341446,17.1413745880127
"Arkansas",1998,46.25,NA,NA,208.741775512695,0.37547892332077,16.9506149291992
"Arkansas",1999,46.25,NA,NA,NA,0.374646216630936,16.1791572570801
"Arkansas",2000,46.25,216.17561340332,257.415466308594,NA,0.374324321746826,14.3815441131592
"Arkansas",2001,46.25,NA,NA,NA,0.374178528785706,14.0845460891724
"Arkansas",2002,46.25,NA,NA,212.881790161133,0.389724433422089,13.5979022979736
"Arkansas",2003,46.25,229.006591796875,265.771575927734,213.615310668945,0.395891219377518,14.8692712783813
"Arkansas",2004,46.25,NA,NA,NA,0.412410378456116,14.7209157943726
"Arkansas",2005,46.25,235.545471191406,271.636352539062,217.071533203125,0.433037161827087,14.8272714614868
"Arkansas",2006,46.25,NA,NA,NA,0.440087229013443,14.3711853027344
"Arkansas",2007,46.25,237.670684814453,273.899871826172,217.027816772461,0.491019278764725,13.5771608352661
"Arkansas",2008,46.25,NA,NA,NA,0.492997199296951,14.1781234741211
"Arkansas",2009,46.25,237.540588378906,275.99951171875,216,0.511845469474792,14.1355056762695
"Arkansas",2010,46.25,NA,NA,NA,0.530693709850311,14.0928888320923
"Arkansas",2011,46.25,238,279,217,0.54954195022583,14.0502710342407
"California",1990,36.25,NA,256.324829101562,NA,0.437747627496719,22.4366226196289
"California",1991,36.25,NA,NA,NA,0.430238395929337,22.7892990112305
"California",1992,36.25,208.398956298828,260.892242431641,202.247528076172,0.380670607089996,22.7997550964355
"California",1993,36.25,NA,NA,NA,0.399924725294113,24.0423679351807
"California",1994,36.25,NA,NA,196.764419555664,0.425469815731049,24.0195827484131
"California",1995,36.25,NA,NA,NA,0.438140153884888,24.0315132141113
"California",1996,36.25,209.129089355469,262.772491455078,NA,0.455875515937805,23.9828033447266
"California",1997,36.25,NA,NA,NA,0.460554838180542,22.852840423584
"California",1998,36.25,NA,NA,202.4248046875,0.464193731546402,21.6131496429443
"California",1999,36.25,NA,NA,NA,0.394016116857529,21.030424118042
"California",2000,36.25,212.694137573242,259.786956787109,NA,0.391717940568924,21.0086879730225
"California",2001,36.25,NA,NA,NA,0.379923403263092,20.6053066253662
"California",2002,36.25,NA,NA,205.916580200195,0.382673323154449,20.5380153656006
"California",2003,36.25,227.454986572266,267.049499511719,205.632431030273,0.383907914161682,20.6446075439453
"California",2004,36.25,NA,NA,NA,0.388781696557999,21.0766849517822
"California",2005,36.25,230.366958618164,268.558135986328,206.512023925781,0.390627145767212,21.0529727935791
"California",2006,36.25,NA,NA,NA,0.385432511568069,20.8174133300781
"California",2007,36.25,230.034088134766,270.381774902344,208.522186279297,0.393097132444382,20.8616485595703
"California",2008,36.25,NA,NA,NA,0.393273770809174,21.043176651001
"California",2009,36.25,231.674926757812,270.448577880859,210,0.394946306943893,21.1035461425781
"California",2010,36.25,NA,NA,NA,0.396618813276291,21.1639137268066
"California",2011,36.25,234,273,211,0.398291349411011,21.2242813110352
"Colorado",1990,83,NA,267.366302490234,NA,0.181668758392334,17.6114101409912
"Colorado",1991,83,NA,NA,NA,0.182326063513756,17.7544059753418
"Colorado",1992,83,221.023422241211,272.3984375,216.525360107422,0.185621306300163,17.9201030731201
"Colorado",1993,83,NA,NA,NA,0.201297670602798,18.331937789917
"Colorado",1994,83,NA,NA,213.480895996094,0.21069909632206,18.5693244934082
"Colorado",1995,83,NA,NA,NA,0.221297979354858,18.3561935424805
"Colorado",1996,83,225.805862426758,275.608215332031,NA,0.216851368546486,18.5452404022217
"Colorado",1997,83,NA,NA,NA,0.217755749821663,18.5020599365234
"Colorado",1998,83,NA,NA,220.241012573242,0.218581512570381,18.1598052978516
"Colorado",1999,83,NA,NA,NA,0.208587750792503,17.7292442321777
"Colorado",2000,83,NA,NA,NA,0.206886231899261,17.3675308227539
"Colorado",2001,83,NA,NA,NA,0.19936840236187,17.2571754455566
"Colorado",2002,83,NA,NA,NA,0.205214619636536,16.7974510192871
"Colorado",2003,83,235.193115234375,283.399871826172,223.660980224609,0.21933414041996,16.5604724884033
"Colorado",2004,83,NA,NA,NA,0.238454103469849,16.8736190795898
"Colorado",2005,83,239.215881347656,280.824005126953,223.656127929688,0.2526815533638,16.9595031738281
"Colorado",2006,83,NA,NA,NA,0.269404977560043,17.0115394592285
"Colorado",2007,83,240.20588684082,286.192749023438,223.732650756836,0.273698836565018,16.903881072998
"Colorado",2008,83,NA,NA,NA,0.293817490339279,17.0482006072998
"Colorado",2009,83,243.132446289062,287.372894287109,226,0.308299213647842,17.1045227050781
"Colorado",2010,83,NA,NA,NA,0.322780966758728,17.1608428955078
"Colorado",2011,83,244,292,223,0.337262719869614,17.2171649932861
"Connecticut",1990,76.25,NA,269.866424560547,NA,0.12514029443264,13.3329477310181
"Connecticut",1991,76.25,NA,NA,NA,0.136332526803017,13.4863586425781
"Connecticut",1992,76.25,226.798477172852,273.739349365234,221.612640380859,0.153886288404465,13.9909257888794
"Connecticut",1993,76.25,NA,NA,NA,0.0173314549028873,14.2858476638794
"Connecticut",1994,76.25,NA,NA,222.417602539062,0.231641069054604,14.3746166229248
"Connecticut",1995,76.25,NA,NA,NA,0.234071388840675,14.3511152267456
"Connecticut",1996,76.25,232.026580810547,279.591247558594,NA,0.233979165554047,14.3591623306274
"Connecticut",1997,76.25,NA,NA,NA,0.196276426315308,14.4217395782471
"Connecticut",1998,76.25,NA,NA,230.004516601562,0.194097504019737,14.211163520813
"Connecticut",1999,76.25,NA,NA,NA,0.199699655175209,14.0487461090088
"Connecticut",2000,76.25,233.768218994141,280.78515625,NA,0.182468011975288,13.88210105896
"Connecticut",2001,76.25,NA,NA,NA,0.223996967077255,13.6969833374023
"Connecticut",2002,76.25,NA,NA,229.381149291992,0.166380822658539,13.6506357192993
"Connecticut",2003,76.25,240.615234375,283.729797363281,228.340621948242,0.177613884210587,13.4769954681396
"Connecticut",2004,76.25,NA,NA,NA,0.186438739299774,13.622917175293
"Connecticut",2005,76.25,242.120727539062,281.068939208984,225.753021240234,0.19740903377533,14.8781175613403
"Connecticut",2006,76.25,NA,NA,NA,0.209284618496895,14.489857673645
"Connecticut",2007,76.25,242.755645751953,282.472778320312,227.203643798828,0.220344290137291,14.7027997970581
"Connecticut",2008,76.25,NA,NA,NA,0.230491876602173,15.0923480987549
"Connecticut",2009,76.25,244.717742919922,288.608520507812,229,0.241229012608528,15.3653364181519
"Connecticut",2010,76.25,NA,NA,NA,0.251966148614883,15.6383256912231
"Connecticut",2011,76.25,242,287,227,0.2627032995224,15.9113140106201
"Delaware",1990,67.5,NA,260.696868896484,NA,0.185986831784248,16.3503837585449
"Delaware",1991,67.5,NA,NA,NA,0.196231111884117,16.7183361053467
"Delaware",1992,67.5,217.899978637695,262.868591308594,212.923446655273,0.215018197894096,16.7671871185303
"Delaware",1993,67.5,NA,NA,NA,0.251636773347855,16.6860198974609
"Delaware",1994,67.5,NA,NA,206.389053344727,0.270846158266068,16.5434169769287
"Delaware",1995,67.5,NA,NA,NA,0.288925498723984,16.6479110717773
"Delaware",1996,67.5,215.025100708008,266.733673095703,NA,0.288481563329697,16.7818355560303
"Delaware",1997,67.5,NA,NA,NA,0.295199424028397,16.6439323425293
"Delaware",1998,67.5,NA,NA,207.040985107422,0.301232576370239,16.3445262908936
"Delaware",1999,67.5,NA,NA,NA,0.276544660329819,16.0110263824463
"Delaware",2000,67.5,NA,NA,NA,0.268052756786346,15.4189672470093
"Delaware",2001,67.5,NA,NA,NA,0.264440685510635,15.3535947799683
"Delaware",2002,67.5,NA,NA,224.303558349609,0.280624777078629,15.2635059356689
"Delaware",2003,67.5,235.859420776367,277.158355712891,223.928817749023,0.288468480110168,15.1132764816284
"Delaware",2004,67.5,NA,NA,NA,0.27733963727951,15.1849269866943
"Delaware",2005,67.5,239.716918945312,280.953552246094,225.838455200195,0.29501810669899,15.1592416763306
"Delaware",2006,67.5,NA,NA,NA,0.306705147027969,15.1209049224854
"Delaware",2007,67.5,241.794891357422,282.992095947266,225.070541381836,0.308235317468643,15.2095050811768
"Delaware",2008,67.5,NA,NA,NA,0.313776016235352,15.1479463577271
"Delaware",2009,67.5,239.490570068359,283.829467773438,226,0.319788634777069,15.1401519775391
"Delaware",2010,67.5,NA,NA,NA,0.325801223516464,15.1323575973511
"Delaware",2011,67.5,240,283,225,0.331813842058182,15.1245632171631
"District of Columbia",1990,47.5,NA,231.366195678711,NA,0.269123375415802,13.4270849227905
"District of Columbia",1991,47.5,NA,NA,NA,0.32423722743988,13.5620164871216
"District of Columbia",1992,47.5,192.600555419922,234.924621582031,188.139892578125,0.547545194625854,12.7037506103516
"District of Columbia",1993,47.5,NA,NA,NA,0.569158732891083,13.3471307754517
"District of Columbia",1994,47.5,NA,NA,178.5576171875,0.592577874660492,13.3219947814941
"District of Columbia",1995,47.5,NA,NA,NA,0.629956483840942,13.1669397354126
"District of Columbia",1996,47.5,187.134674072266,232.831512451172,NA,0.661612510681152,15.0427894592285
"District of Columbia",1997,47.5,NA,NA,NA,0.669908940792084,14.8729200363159
"District of Columbia",1998,47.5,NA,NA,179.236465454102,0.608019828796387,17.5731544494629
"District of Columbia",1999,47.5,NA,NA,NA,0.669983208179474,13.8594560623169
"District of Columbia",2000,47.5,191.582153320312,234.619064331055,NA,0.504831969738007,16.0419788360596
"District of Columbia",2001,47.5,NA,NA,NA,0.647239744663239,13.927056312561
"District of Columbia",2002,47.5,NA,NA,190.51806640625,0.552908003330231,13.8252878189087
"District of Columbia",2003,47.5,204.919845581055,243.059631347656,188.374481201172,0.557532250881195,15.2179822921753
"District of Columbia",2004,47.5,NA,NA,NA,0.472590535879135,13.7521142959595
"District of Columbia",2005,47.5,211.122299194336,245.215774536133,190.787353515625,0.593464016914368,14.2405796051025
"District of Columbia",2006,47.5,NA,NA,NA,0.491219639778137,14.0259075164795
"District of Columbia",2007,47.5,213.69889831543,248.198745727539,197.085952758789,0.48140013217926,13.5057468414307
"District of Columbia",2008,47.5,NA,NA,NA,0.481292068958282,13.6260566711426
"District of Columbia",2009,47.5,219.260147094727,253.595184326172,202,0.46884623169899,13.4921865463257
"District of Columbia",2010,47.5,NA,NA,NA,0.45640042424202,13.3583154678345
"District of Columbia",2011,47.5,222,260,201,0.443954586982727,13.2244453430176
"Florida",1990,55.75,NA,255.318435668945,NA,0.323403507471085,17.1898250579834
"Florida",1991,55.75,NA,NA,NA,0.350774496793747,17.2229290008545
"Florida",1992,55.75,213.689758300781,259.908843994141,208.308029174805,0.28557276725769,17.5745735168457
"Florida",1993,55.75,NA,NA,NA,0.319240808486938,18.4162750244141
"Florida",1994,55.75,NA,NA,204.882598876953,0.339965492486954,18.442907333374
"Florida",1995,55.75,NA,NA,NA,0.357502967119217,19.0757350921631
"Florida",1996,55.75,215.763580322266,263.639404296875,NA,0.371102303266525,18.9338779449463
"Florida",1997,55.75,NA,NA,NA,0.365442246198654,18.6120471954346
"Florida",1998,55.75,NA,NA,205.733215332031,0.363998234272003,18.4303188323975
"Florida",1999,55.75,NA,NA,NA,0.36136382818222,18.4361724853516
"Florida",2000,55.75,NA,NA,NA,0.361368298530579,18.2712059020996
"Florida",2001,55.75,NA,NA,NA,0.356923162937164,18.4414215087891
"Florida",2002,55.75,NA,NA,214.404602050781,0.359829187393188,18.5655155181885
"Florida",2003,55.75,233.728805541992,271.371490478516,218.01448059082,0.364676743745804,18.3751907348633
"Florida",2004,55.75,NA,NA,NA,0.369602978229523,17.8512496948242
"Florida",2005,55.75,238.930648803711,274.048370361328,219.465225219727,0.386674135923386,17.0429286956787
"Florida",2006,55.75,NA,NA,NA,0.371054619550705,16.8280715942383
"Florida",2007,55.75,242.020248413086,277.383483886719,223.534927368164,0.357632160186768,16.4046459197998
"Florida",2008,55.75,NA,NA,NA,0.370766937732697,15.8858642578125
"Florida",2009,55.75,241.944915771484,279.335266113281,226,0.371487498283386,15.4214639663696
"Florida",2010,55.75,NA,NA,NA,0.372208058834076,14.9570627212524
"Florida",2011,55.75,240,278,225,0.372928619384766,14.4926624298096
"Georgia",1990,75.5,NA,258.849670410156,NA,0.277184456586838,18.3215160369873
"Georgia",1991,75.5,NA,NA,NA,0.281649440526962,18.2639312744141
"Georgia",1992,75.5,215.594909667969,259.359436035156,212.340896606445,0.320106089115143,18.4525661468506
"Georgia",1993,75.5,NA,NA,NA,0.335423052310944,18.0333118438721
"Georgia",1994,75.5,NA,NA,206.844177246094,0.354629307985306,16.6545867919922
"Georgia",1995,75.5,NA,NA,NA,0.364850491285324,16.3121910095215
"Georgia",1996,75.5,215.455856323242,262.466033935547,NA,0.3707355260849,16.496301651001
"Georgia",1997,75.5,NA,NA,NA,0.426417171955109,16.4650764465332
"Georgia",1998,75.5,NA,NA,208.508605957031,0.431155979633331,15.9545011520386
"Georgia",1999,75.5,NA,NA,NA,0.362091809511185,15.8055791854858
"Georgia",2000,75.5,218.97688293457,265.358917236328,NA,0.354068368673325,15.6971912384033
"Georgia",2001,75.5,NA,NA,NA,0.353406399488449,15.8709287643433
"Georgia",2002,75.5,NA,NA,214.818435668945,0.363616645336151,15.8589696884155
"Georgia",2003,75.5,230.254974365234,269.677001953125,213.597213745117,0.366677552461624,15.5763187408447
"Georgia",2004,75.5,NA,NA,NA,0.381528168916702,15.6727848052979
"Georgia",2005,75.5,233.6357421875,272.191558837891,214.430923461914,0.394592761993408,14.7964696884155
"Georgia",2006,75.5,NA,NA,NA,0.415233790874481,14.7276086807251
"Georgia",2007,75.5,235.209014892578,274.778656005859,218.888168334961,0.417064785957336,14.3415498733521
"Georgia",2008,75.5,NA,NA,NA,0.432383030653,14.0613288879395
"Georgia",2009,75.5,236.029571533203,277.561187744141,218,0.444553703069687,13.7467708587646
"Georgia",2010,75.5,NA,NA,NA,0.456724405288696,13.4322118759155
"Georgia",2011,75.5,238,278,221,0.468895077705383,13.1176538467407
"Hawaii",1990,30.75,NA,251.02131652832,NA,0.214469030499458,19.1171894073486
"Hawaii",1991,30.75,NA,NA,NA,0.19805134832859,18.9043273925781
"Hawaii",1992,30.75,214.056671142578,257.410888671875,203.426635742188,0.198921874165535,18.4897899627686
"Hawaii",1993,30.75,NA,NA,NA,0.184758350253105,17.5987300872803
"Hawaii",1994,30.75,NA,NA,200.880279541016,0.129615873098373,17.8429431915283
"Hawaii",1995,30.75,NA,NA,NA,0.132109150290489,17.94873046875
"Hawaii",1996,30.75,214.965560913086,262.130096435547,NA,0.154760122299194,17.8266658782959
"Hawaii",1997,30.75,NA,NA,NA,0.299590200185776,17.7432861328125
"Hawaii",1998,30.75,NA,NA,199.726623535156,0.273146659135818,17.824743270874
"Hawaii",1999,30.75,NA,NA,NA,0.301006555557251,17.677318572998
"Hawaii",2000,30.75,216.319076538086,262.183959960938,NA,0.303421944379807,17.1047306060791
"Hawaii",2001,30.75,NA,NA,NA,0.3321273624897,16.8719692230225
"Hawaii",2002,30.75,NA,NA,207.58544921875,0.31498920917511,16.7662391662598
"Hawaii",2003,30.75,226.834609985352,265.728576660156,208.259567260742,0.325280547142029,16.7528476715088
"Hawaii",2004,30.75,NA,NA,NA,0.315327674150467,16.4982471466064
"Hawaii",2005,30.75,230.096878051758,265.629333496094,209.578765869141,0.308857172727585,16.4350433349609
"Hawaii",2006,30.75,NA,NA,NA,0.295370250940323,16.2852306365967
"Hawaii",2007,30.75,234.2861328125,268.772003173828,213.496551513672,0.2885662317276,16.0347785949707
"Hawaii",2008,30.75,NA,NA,NA,0.285233557224274,15.9497289657593
"Hawaii",2009,30.75,235.679779052734,273.758605957031,211,0.278710216283798,15.8033466339111
"Hawaii",2010,30.75,NA,NA,NA,0.272186905145645,15.6569652557373
"Hawaii",2011,30.75,239,278,214,0.265663594007492,15.5105838775635
"Idaho",1990,69.75,NA,271.449768066406,NA,0.189404085278511,20.0589828491211
"Idaho",1991,69.75,NA,NA,NA,0.190567836165428,19.6232452392578
"Idaho",1992,69.75,221.562530517578,275.090301513672,219.317031860352,0.201861038804054,19.4116630554199
"Idaho",1993,69.75,NA,NA,NA,0.215277895331383,19.5880603790283
"Idaho",1994,69.75,NA,NA,NA,0.221341863274574,19.7196636199951
"Idaho",1995,69.75,NA,NA,NA,0.226581215858459,19.1104755401611
"Idaho",1996,69.75,NA,NA,NA,0.227189153432846,19.0157222747803
"Idaho",1997,69.75,NA,NA,NA,0.22934778034687,18.7530212402344
"Idaho",1998,69.75,NA,NA,NA,0.234387472271919,18.5055656433105
"Idaho",1999,69.75,NA,NA,NA,0.226845160126686,18.2274684906006
"Idaho",2000,69.75,224.471786499023,277.225280761719,NA,0.229207456111908,17.9705295562744
"Idaho",2001,69.75,NA,NA,NA,0.248746514320374,17.8734874725342
"Idaho",2002,69.75,NA,NA,220.217620849609,0.260144174098969,17.79421043396
"Idaho",2003,69.75,234.943771362305,279.939270019531,218.259887695312,0.268624007701874,17.8903274536133
"Idaho",2004,69.75,NA,NA,NA,0.274869114160538,17.9457607269287
"Idaho",2005,69.75,241.650115966797,280.966888427734,221.859512329102,0.285148620605469,17.9468784332275
"Idaho",2006,69.75,NA,NA,NA,0.277923673391342,18.0415954589844
"Idaho",2007,69.75,240.902847290039,283.507598876953,223.404067993164,0.269343256950378,18.1029109954834
"Idaho",2008,69.75,NA,NA,NA,0.28109285235405,18.1534557342529
"Idaho",2009,69.75,241.04280090332,287.305206298828,221,0.283497840166092,18.2105541229248
"Idaho",2010,69.75,NA,NA,NA,0.285902798175812,18.2676525115967
"Idaho",2011,69.75,240,287,221,0.288307785987854,18.3247489929199
"Illinois",1990,62,NA,260.551422119141,NA,0.282836675643921,16.9269561767578
"Illinois",1991,62,NA,NA,NA,0.28463551402092,16.7447204589844
"Illinois",1992,62,NA,NA,NA,0.285967975854874,16.7781715393066
"Illinois",1993,62,NA,NA,NA,0.287470638751984,16.8091716766357
"Illinois",1994,62,NA,NA,NA,0.289832085371017,17.0741386413574
"Illinois",1995,62,NA,NA,NA,0.291599065065384,17.2892894744873
"Illinois",1996,62,NA,NA,NA,0.292666375637054,17.1187000274658
"Illinois",1997,62,NA,NA,NA,0.29341134428978,16.9688835144043
"Illinois",1998,62,NA,NA,NA,0.294747918844223,16.829963684082
"Illinois",1999,62,NA,NA,NA,0.297818452119827,16.5207214355469
"Illinois",2000,62,222.975982666016,274.548706054688,NA,0.300429046154022,16.2448425292969
"Illinois",2001,62,NA,NA,NA,0.302241086959839,16.0538482666016
"Illinois",2002,62,NA,NA,NA,0.301650434732437,15.9829549789429
"Illinois",2003,62,232.856781005859,277.160095214844,216.304290771484,0.302702695131302,15.904239654541
"Illinois",2004,62,NA,NA,NA,0.314777374267578,16.4563121795654
"Illinois",2005,62,233.067489624023,277.672241210938,216.489715576172,0.320480108261108,16.0057315826416
"Illinois",2006,62,NA,NA,NA,0.314935892820358,15.7758350372314
"Illinois",2007,62,237.287048339844,280.497100830078,219.386810302734,0.317578077316284,15.0245122909546
"Illinois",2008,62,NA,NA,NA,0.324224829673767,15.2954635620117
"Illinois",2009,62,238.285675048828,282.431427001953,219,0.327711701393127,15.1346635818481
"Illinois",2010,62,NA,NA,NA,0.331198573112488,14.9738626480103
"Illinois",2011,62,239,283,219,0.334685444831848,14.8130626678467
"Indiana",1990,70.25,NA,267.265930175781,NA,0.164562731981277,17.5494766235352
"Indiana",1991,70.25,NA,NA,NA,0.173593148589134,17.4164333343506
"Indiana",1992,70.25,221.037734985352,270.098937988281,221.146484375,0.204652518033981,17.5565128326416
"Indiana",1993,70.25,NA,NA,NA,0.217455208301544,17.6094360351562
"Indiana",1994,70.25,NA,NA,219.763259887695,0.220529958605766,17.5228729248047
"Indiana",1995,70.25,NA,NA,NA,0.222583174705505,17.4611148834229
"Indiana",1996,70.25,229.394439697266,275.529022216797,NA,0.218860223889351,17.5070858001709
"Indiana",1997,70.25,NA,NA,NA,0.218946233391762,17.3322277069092
"Indiana",1998,70.25,NA,NA,NA,0.221335664391518,17.2009544372559
"Indiana",1999,70.25,NA,NA,NA,0.217037186026573,17.0270805358887
"Indiana",2000,70.25,233.025619506836,281.319915771484,NA,0.213265478610992,16.7963771820068
"Indiana",2001,70.25,NA,NA,NA,0.216227769851685,16.703254699707
"Indiana",2002,70.25,NA,NA,221.880340576172,0.235591024160385,16.6973915100098
"Indiana",2003,70.25,237.968276977539,281.220947265625,220.406494140625,0.249366700649261,16.740177154541
"Indiana",2004,70.25,NA,NA,NA,0.267723232507706,16.8735389709473
"Indiana",2005,70.25,240.069091796875,281.714935302734,218.072540283203,0.278708130121231,16.8642234802246
"Indiana",2006,70.25,NA,NA,NA,0.281801104545593,17.0826835632324
"Indiana",2007,70.25,245.144256591797,285.007202148438,221.673095703125,0.293996781110764,17.0584678649902
"Indiana",2008,70.25,NA,NA,NA,0.307896196842194,17.1684398651123
"Indiana",2009,70.25,242.616806030273,286.809967041016,223,0.31933382153511,17.2491130828857
"Indiana",2010,70.25,NA,NA,NA,0.330771446228027,17.3297863006592
"Indiana",2011,70.25,244,285,221,0.342209070920944,17.4104614257812
"Iowa",1990,73,NA,277.968566894531,NA,0.138417840003967,15.7277717590332
"Iowa",1991,73,NA,NA,NA,0.172659263014793,15.579062461853
"Iowa",1992,73,229.884078979492,283.360015869141,225.490173339844,0.180422618985176,15.6509952545166
"Iowa",1993,73,NA,NA,NA,0.187487244606018,15.757698059082
"Iowa",1994,73,NA,NA,222.852935791016,0.191759988665581,15.76793384552
"Iowa",1995,73,NA,NA,NA,0.195567905902863,15.7738132476807
"Iowa",1996,73,229.126205444336,283.986358642578,NA,0.196542993187904,15.5437526702881
"Iowa",1997,73,NA,NA,NA,0.201763227581978,15.4309511184692
"Iowa",1998,73,NA,NA,220.118011474609,0.205504789948463,15.3227519989014
"Iowa",1999,73,NA,NA,NA,0.200626641511917,15.1792697906494
"Iowa",2000,73,231.072952270508,NA,NA,0.191899880766869,14.8536739349365
"Iowa",2001,73,NA,NA,NA,0.189466342329979,14.2937984466553
"Iowa",2002,73,NA,NA,223.330642700195,0.191495925188065,13.9211597442627
"Iowa",2003,73,238.476699829102,283.953338623047,223.271133422852,0.208488002419472,13.9475889205933
"Iowa",2004,73,NA,NA,NA,0.222999170422554,13.8319101333618
"Iowa",2005,73,239.880798339844,283.810943603516,220.80940246582,0.232246682047844,13.7856006622314
"Iowa",2006,73,NA,NA,NA,0.242792904376984,13.7427024841309
"Iowa",2007,73,242.819595336914,285.226898193359,224.894790649414,0.24336089193821,13.5506687164307
"Iowa",2008,73,NA,NA,NA,0.260712623596191,13.545262336731
"Iowa",2009,73,242.595642089844,284.170166015625,221,0.271326541900635,13.4734506607056
"Iowa",2010,73,NA,NA,NA,0.281940460205078,13.4016380310059
"Iowa",2011,73,243,285,221,0.292554378509521,13.3298263549805
"Kansas",1990,68.5,NA,NA,NA,0.274658530950546,14.9985723495483
"Kansas",1991,68.5,NA,NA,NA,0.272426337003708,14.9977350234985
"Kansas",1992,68.5,NA,NA,NA,0.277583688497543,15.1885824203491
"Kansas",1993,68.5,NA,NA,NA,0.224932238459587,15.1761503219604
"Kansas",1994,68.5,NA,NA,NA,0.235473558306694,15.1112508773804
"Kansas",1995,68.5,NA,NA,NA,0.242234796285629,15.0704078674316
"Kansas",1996,68.5,NA,NA,NA,0.315979421138763,15.0674610137939
"Kansas",1997,68.5,NA,NA,NA,0.314040750265121,15.1026077270508
"Kansas",1998,68.5,NA,NA,221.250839233398,0.322759121656418,14.8662099838257
"Kansas",1999,68.5,NA,NA,NA,0.264235436916351,14.7596473693848
"Kansas",2000,68.5,232.092147827148,283.008636474609,NA,0.22522597014904,14.3221817016602
"Kansas",2001,68.5,NA,NA,NA,0.234570026397705,14.3732824325562
"Kansas",2002,68.5,NA,NA,221.978332519531,0.244499742984772,14.212459564209
"Kansas",2003,68.5,241.747360229492,284.191101074219,220.14323425293,0.26293271780014,14.4275035858154
"Kansas",2004,68.5,NA,NA,NA,0.279332190752029,14.4370803833008
"Kansas",2005,68.5,245.782043457031,284.030059814453,220.46875,0.289007872343063,14.2455968856812
"Kansas",2006,68.5,NA,NA,NA,0.288579225540161,13.9111223220825
"Kansas",2007,68.5,247.92366027832,290.032592773438,224.658355712891,0.290863156318665,13.3015832901001
"Kansas",2008,68.5,NA,NA,NA,0.307712376117706,13.4597234725952
"Kansas",2009,68.5,245.308654785156,288.596405029297,224,0.316810429096222,13.2798662185669
"Kansas",2010,68.5,NA,NA,NA,0.32590851187706,13.1000089645386
"Kansas",2011,68.5,246,290,224,0.335006564855576,12.9201517105103
"Kentucky",1990,47,NA,257.097198486328,NA,0.442927271127701,17.6510028839111
"Kentucky",1991,47,NA,NA,NA,0.433251976966858,17.3043212890625
"Kentucky",1992,47,215.048156738281,262.241271972656,212.511672973633,0.421184182167053,17.194751739502
"Kentucky",1993,47,NA,NA,NA,0.409849435091019,17.2980079650879
"Kentucky",1994,47,NA,NA,211.562301635742,0.404174357652664,17.5561294555664
"Kentucky",1995,47,NA,NA,NA,0.397198498249054,16.9565277099609
"Kentucky",1996,47,219.988189697266,266.591674804688,NA,0.390389978885651,16.8665904998779
"Kentucky",1997,47,NA,NA,NA,0.385603159666061,16.6812191009521
"Kentucky",1998,47,NA,NA,217.50016784668,0.376215040683746,16.5313682556152
"Kentucky",1999,47,NA,NA,NA,0.37643113732338,16.0695781707764
"Kentucky",2000,47,219.380279541016,269.884979248047,NA,0.373828262090683,15.4497785568237
"Kentucky",2001,47,NA,NA,NA,0.359849810600281,16.8190650939941
"Kentucky",2002,47,NA,NA,219.042068481445,0.377347141504288,16.2071323394775
"Kentucky",2003,47,228.726348876953,274.278472900391,219.044418334961,0.526359677314758,16.250602722168
"Kentucky",2004,47,NA,NA,NA,0.435226321220398,16.0832328796387
"Kentucky",2005,47,231.492309570312,273.983032226562,219.926818847656,0.425445377826691,16.2746543884277
"Kentucky",2006,47,NA,NA,NA,0.413062334060669,16.0299434661865
"Kentucky",2007,47,235.087921142578,278.704742431641,222.432312011719,0.404064565896988,15.751838684082
"Kentucky",2008,47,NA,NA,NA,0.408642321825027,15.8248653411865
"Kentucky",2009,47,238.835906982422,279.284210205078,226,0.40246844291687,15.7463788986206
"Kentucky",2010,47,NA,NA,NA,0.396294564008713,15.6678924560547
"Kentucky",2011,47,241,282,225,0.390120685100555,15.5894060134888
"Louisiana",1990,57,NA,246.44255065918,NA,0.469698935747147,17.5534648895264
"Louisiana",1991,57,NA,NA,NA,0.462127774953842,17.2850151062012
"Louisiana",1992,57,204.140213012695,249.983932495117,203.689270019531,0.480271428823471,17.2000865936279
"Louisiana",1993,57,NA,NA,NA,0.500623464584351,17.0131549835205
"Louisiana",1994,57,NA,NA,196.762268066406,0.510267794132233,17.0647792816162
"Louisiana",1995,57,NA,NA,NA,0.520443439483643,16.763650894165
"Louisiana",1996,57,209.02067565918,252.380401611328,NA,0.490318119525909,16.9724559783936
"Louisiana",1997,57,NA,NA,NA,0.486312806606293,16.7595386505127
"Louisiana",1998,57,NA,NA,200.340637207031,0.507881581783295,15.9841356277466
"Louisiana",1999,57,NA,NA,NA,0.490992993116379,15.6488475799561
"Louisiana",2000,57,218.186828613281,258.560089111328,NA,0.503252148628235,15.1222038269043
"Louisiana",2001,57,NA,NA,NA,0.497260749340057,14.8870878219604
"Louisiana",2002,57,NA,NA,206.64045715332,0.505031943321228,14.6324129104614
"Louisiana",2003,57,226.24772644043,266.328369140625,204.7294921875,0.521178305149078,14.5911865234375
"Louisiana",2004,57,NA,NA,NA,0.531646549701691,14.4115056991577
"Louisiana",2005,57,230.231201171875,267.755035400391,209.165664672852,0.534752368927002,14.7235527038574
"Louisiana",2006,57,NA,NA,NA,0.539187133312225,14.6557550430298
"Louisiana",2007,57,230.043121337891,272.386291503906,207.406799316406,0.53338235616684,14.708080291748
"Louisiana",2008,57,NA,NA,NA,0.547418236732483,14.7088241577148
"Louisiana",2009,57,229.43244934082,272.379913330078,207,0.553100645542145,14.7340841293335
"Louisiana",2010,57,NA,NA,NA,0.558783054351807,14.7593441009521
"Louisiana",2011,57,231,273,210,0.564465463161469,14.7846031188965
"Maine",1990,35,NA,NA,NA,0.240406423807144,14.0585956573486
"Maine",1991,35,NA,NA,NA,0.236991882324219,13.8689489364624
"Maine",1992,35,231.63883972168,278.635375976562,226.810119628906,0.233753472566605,14.0373640060425
"Maine",1993,35,NA,NA,NA,0.223443433642387,14.0782442092896
"Maine",1994,35,NA,NA,228.380020141602,0.226466044783592,14.1420097351074
"Maine",1995,35,NA,NA,NA,0.233075097203255,13.8016748428345
"Maine",1996,35,232.207046508789,284.059844970703,NA,0.233713701367378,13.8753252029419
"Maine",1997,35,NA,NA,NA,0.234581664204597,13.7350006103516
"Maine",1998,35,NA,NA,224.761093139648,0.233621388673782,13.5400638580322
"Maine",1999,35,NA,NA,NA,0.232683092355728,13.2820014953613
"Maine",2000,35,229.545135498047,281.353698730469,NA,0.225057706236839,12.7991313934326
"Maine",2001,35,NA,NA,NA,0.213106840848923,12.5029897689819
"Maine",2002,35,NA,NA,224.508285522461,0.220671638846397,12.2803897857666
"Maine",2003,35,237.615707397461,281.903778076172,223.859497070312,0.227589711546898,12.1361885070801
"Maine",2004,35,NA,NA,NA,0.229340270161629,11.4683618545532
"Maine",2005,35,240.691467285156,281.058532714844,224.577774047852,0.249099686741829,11.9368391036987
"Maine",2006,35,NA,NA,NA,0.264018058776855,11.7176933288574
"Maine",2007,35,242.37060546875,286.472259521484,225.544052124023,0.271617531776428,11.5289430618286
"Maine",2008,35,NA,NA,NA,0.282100200653076,11.3903121948242
"Maine",2009,35,244.45573425293,286.361419677734,224,0.293065190315247,11.2604761123657
"Maine",2010,35,NA,NA,NA,0.304030150175095,11.1306409835815
"Maine",2011,35,244,289,222,0.314995110034943,11.000804901123
"Maryland",1990,55.75,NA,260.765594482422,NA,0.176811590790749,16.7796669006348
"Maryland",1991,55.75,NA,NA,NA,0.177728280425072,16.8031578063965
"Maryland",1992,55.75,217.31770324707,264.825500488281,211.041519165039,0.210863873362541,16.879997253418
"Maryland",1993,55.75,NA,NA,NA,0.206893667578697,16.897403717041
"Maryland",1994,55.75,NA,NA,209.645492553711,0.245570376515388,17.4919738769531
"Maryland",1995,55.75,NA,NA,NA,0.252143651247025,16.9856758117676
"Maryland",1996,55.75,220.694961547852,269.681427001953,NA,0.256463944911957,16.8456897735596
"Maryland",1997,55.75,NA,NA,NA,0.256005793809891,17.0740871429443
"Maryland",1998,55.75,NA,NA,211.679092407227,0.254888385534286,17.1932621002197
"Maryland",1999,55.75,NA,NA,NA,0.247467234730721,16.8874607086182
"Maryland",2000,55.75,221.536544799805,271.931915283203,NA,0.236437812447548,16.6012744903564
"Maryland",2001,55.75,NA,NA,NA,0.234017252922058,16.2668552398682
"Maryland",2002,55.75,NA,NA,217.211181640625,0.228933125734329,16.0047607421875
"Maryland",2003,55.75,233.079849243164,277.716125488281,218.673767089844,0.236125349998474,15.6502656936646
"Maryland",2004,55.75,NA,NA,NA,0.239636272192001,15.7453708648682
"Maryland",2005,55.75,238.42170715332,277.930786132812,220.029586791992,0.246716290712357,15.708625793457
"Maryland",2006,55.75,NA,NA,NA,0.244424551725388,15.1719150543213
"Maryland",2007,55.75,240.328231811523,285.734252929688,224.781265258789,0.24922502040863,14.5721473693848
"Maryland",2008,55.75,NA,NA,NA,0.254187136888504,14.6120281219482
"Maryland",2009,55.75,243.795043945312,288.341552734375,226,0.257999628782272,14.3653173446655
"Maryland",2010,55.75,NA,NA,NA,0.261812120676041,14.1186075210571
"Maryland",2011,55.75,247,288,231,0.265624612569809,13.8718967437744
"Massachusetts",1990,49.75,NA,NA,NA,0.0529166273772717,13.9835367202759
"Massachusetts",1991,49.75,NA,NA,NA,0.0687916427850723,15.4494009017944
"Massachusetts",1992,49.75,226.597915649414,272.783203125,226.001083374023,0.0840275585651398,15.1199007034302
"Massachusetts",1993,49.75,NA,NA,NA,0.0986185595393181,15.0274877548218
"Massachusetts",1994,49.75,NA,NA,223.160079956055,0.112237006425858,14.9359493255615
"Massachusetts",1995,49.75,NA,NA,NA,0.125563889741898,14.7750339508057
"Massachusetts",1996,49.75,228.966400146484,277.565643310547,NA,0.137623354792595,14.5910863876343
"Massachusetts",1997,49.75,NA,NA,NA,0.149516150355339,14.4624462127686
"Massachusetts",1998,49.75,NA,NA,222.837524414062,0.161578878760338,14.1284208297729
"Massachusetts",1999,49.75,NA,NA,NA,0.168317720293999,13.7962636947632
"Massachusetts",2000,49.75,233.394119262695,278.949005126953,NA,0.196509256958961,12.5190086364746
"Massachusetts",2001,49.75,NA,NA,NA,0.194214224815369,14.4612350463867
"Massachusetts",2002,49.75,NA,NA,233.748413085938,0.220540627837181,14.1153430938721
"Massachusetts",2003,49.75,241.664520263672,286.520690917969,227.604263305664,0.22106808423996,13.2453308105469
"Massachusetts",2004,49.75,NA,NA,NA,0.222519248723984,13.605770111084
"Massachusetts",2005,49.75,247.337051391602,291.513549804688,231.279434204102,0.231607243418694,13.2913799285889
"Massachusetts",2006,49.75,NA,NA,NA,0.230822026729584,13.2060031890869
"Massachusetts",2007,49.75,252.430313110352,297.92333984375,235.753463745117,0.23504301905632,13.2408514022827
"Massachusetts",2008,49.75,NA,NA,NA,0.238019555807114,12.9702968597412
"Massachusetts",2009,49.75,252.254791259766,298.854339599609,234,0.241187036037445,12.8330154418945
"Massachusetts",2010,49.75,NA,NA,NA,0.244354516267776,12.6957349777222
"Massachusetts",2011,49.75,253,299,237,0.247521996498108,12.5584535598755
"Michigan",1990,57.75,NA,264.398376464844,NA,0.131601959466934,19.6729259490967
"Michigan",1991,57.75,NA,NA,NA,0.186171174049377,19.8034076690674
"Michigan",1992,57.75,219.878356933594,267.353179931641,216.033737182617,0.21270914375782,19.2071666717529
"Michigan",1993,57.75,NA,NA,NA,0.249717205762863,19.4846973419189
"Michigan",1994,57.75,NA,NA,NA,0.230484113097191,19.9257106781006
"Michigan",1995,57.75,NA,NA,NA,0.246117129921913,20.0539474487305
"Michigan",1996,57.75,226.258056640625,276.866088867188,NA,0.251009464263916,19.7340202331543
"Michigan",1997,57.75,NA,NA,NA,0.252933174371719,19.1447448730469
"Michigan",1998,57.75,NA,NA,215.952301025391,0.25293692946434,18.8085250854492
"Michigan",1999,57.75,NA,NA,NA,0.246361792087555,18.4540557861328
"Michigan",2000,57.75,229.3095703125,277.271240234375,NA,0.239506646990776,17.9578227996826
"Michigan",2001,57.75,NA,NA,NA,0.238130196928978,17.7327461242676
"Michigan",2002,57.75,NA,NA,218.613327026367,0.251328378915787,17.5081996917725
"Michigan",2003,57.75,235.686981201172,276.441864013672,218.7890625,0.251498460769653,19.9247722625732
"Michigan",2004,57.75,NA,NA,NA,0.263633340597153,18.1170139312744
"Michigan",2005,57.75,237.706008911133,277.3466796875,218.260696411133,0.272052615880966,17.401876449585
"Michigan",2006,57.75,NA,NA,NA,0.285854399204254,17.7658786773682
"Michigan",2007,57.75,237.605560302734,276.830505371094,220.118453979492,0.297673255205154,17.4904270172119
"Michigan",2008,57.75,NA,NA,NA,0.304661214351654,17.3066272735596
"Michigan",2009,57.75,236.279724121094,278.268157958984,218,0.314467251300812,17.0986061096191
"Michigan",2010,57.75,NA,NA,NA,0.324273318052292,16.8905868530273
"Michigan",2011,57.75,236,280,219,0.33407935500145,16.6825675964355
"Minnesota",1990,75,NA,275.391082763672,NA,0.147985339164734,17.1586036682129
"Minnesota",1991,75,NA,NA,NA,0.155506402254105,17.3583793640137
"Minnesota",1992,75,228.493591308594,282.392211914062,220.900726318359,0.157586053013802,17.2276020050049
"Minnesota",1993,75,NA,NA,NA,0.157156646251678,17.6187343597412
"Minnesota",1994,75,NA,NA,218.301712036133,0.183629900217056,17.2551536560059
"Minnesota",1995,75,NA,NA,NA,0.18184407055378,17.4984664916992
"Minnesota",1996,75,232.193084716797,284.048950195312,NA,0.186876624822617,17.780460357666
"Minnesota",1997,75,NA,NA,NA,0.177074238657951,17.5604515075684
"Minnesota",1998,75,NA,NA,219.211334228516,0.191663518548012,16.4164199829102
"Minnesota",1999,75,NA,NA,NA,0.186945021152496,15.7294902801514
"Minnesota",2000,75,233.720092773438,286.980224609375,NA,0.182588756084442,15.2478847503662
"Minnesota",2001,75,NA,NA,NA,0.181661874055862,15.9818172454834
"Minnesota",2002,75,NA,NA,225.258514404297,0.18999183177948,16.0393352508545
"Minnesota",2003,75,241.912292480469,290.680053710938,222.608963012695,0.199732899665833,16.0371723175049
"Minnesota",2004,75,NA,NA,NA,0.210398241877556,16.3308982849121
"Minnesota",2005,75,245.746185302734,290.074981689453,225.226577758789,0.221505463123322,16.0780601501465
"Minnesota",2006,75,NA,NA,NA,0.229502066969872,16.421293258667
"Minnesota",2007,75,246.997756958008,291.851104736328,224.917007446289,0.23384390771389,16.2021007537842
"Minnesota",2008,75,NA,NA,NA,0.246129915118217,16.3561458587646
"Minnesota",2009,75,249.455535888672,294.443328857422,223,0.255263477563858,16.4050979614258
"Minnesota",2010,75,NA,NA,NA,0.26439705491066,16.4540519714355
"Minnesota",2011,75,249,295,222,0.273530632257462,16.5030040740967
"Mississippi",1990,66.5,NA,NA,NA,0.55405580997467,18.1950645446777
"Mississippi",1991,66.5,NA,NA,NA,0.553303718566895,17.9038200378418
"Mississippi",1992,66.5,201.828262329102,246.458038330078,199.109069824219,0.544622659683228,17.933443069458
"Mississippi",1993,66.5,NA,NA,NA,0.548864364624023,18.2064762115479
"Mississippi",1994,66.5,NA,NA,201.529327392578,0.550284922122955,17.8286933898926
"Mississippi",1995,66.5,NA,NA,NA,0.548426568508148,17.5279560089111
"Mississippi",1996,66.5,208.434112548828,250.215484619141,NA,0.544722974300385,17.4594612121582
"Mississippi",1997,66.5,NA,NA,NA,0.557191252708435,17.2043495178223
"Mississippi",1998,66.5,NA,NA,203.22770690918,0.558739066123962,17.1458854675293
"Mississippi",1999,66.5,NA,NA,NA,0.549784123897552,16.1329154968262
"Mississippi",2000,66.5,210.557601928711,254.135879516602,NA,0.546000123023987,16.2982883453369
"Mississippi",2001,66.5,NA,NA,NA,0.551265299320221,16.0572471618652
"Mississippi",2002,66.5,NA,NA,202.793334960938,0.572034418582916,15.8109445571899
"Mississippi",2003,66.5,222.890594482422,260.911926269531,205.464401245117,0.570930361747742,15.5910186767578
"Mississippi",2004,66.5,NA,NA,NA,0.562649428844452,15.1434440612793
"Mississippi",2005,66.5,226.698837280273,262.456237792969,204.393600463867,0.563961505889893,15.8160982131958
"Mississippi",2006,66.5,NA,NA,NA,0.622669994831085,15.7463178634644
"Mississippi",2007,66.5,227.612380981445,264.890930175781,207.809524536133,0.591294169425964,15.301721572876
"Mississippi",2008,66.5,NA,NA,NA,0.605872929096222,15.4275007247925
"Mississippi",2009,66.5,227.262268066406,265.001953125,211,0.613096654415131,15.3872852325439
"Mississippi",2010,66.5,NA,NA,NA,0.620320379734039,15.3470687866211
"Mississippi",2011,66.5,230,269,209,0.627544045448303,15.3068532943726
"Missouri",1990,29.25,NA,NA,NA,0.0433983467519283,15.7301893234253
"Missouri",1991,29.25,NA,NA,NA,0.0268774535506964,15.5953702926636
"Missouri",1992,29.25,222.215606689453,271.131530761719,220.049407958984,0.131693482398987,16.0128593444824
"Missouri",1993,29.25,NA,NA,NA,0.208280146121979,16.2191791534424
"Missouri",1994,29.25,NA,NA,216.898086547852,0.252270936965942,15.7925262451172
"Missouri",1995,29.25,NA,NA,NA,0.280429720878601,15.5202808380127
"Missouri",1996,29.25,224.734466552734,273.284881591797,NA,0.273809641599655,15.355749130249
"Missouri",1997,29.25,NA,NA,NA,0.277165234088898,15.153076171875
"Missouri",1998,29.25,NA,NA,215.55192565918,0.276601582765579,14.9552955627441
"Missouri",1999,29.25,NA,NA,NA,0.263942629098892,14.6278400421143
"Missouri",2000,29.25,227.801025390625,270.928283691406,NA,0.27477765083313,14.307559967041
"Missouri",2001,29.25,NA,NA,NA,0.27441868185997,14.0996990203857
"Missouri",2002,29.25,NA,NA,220.171768188477,0.282281011343002,13.9453096389771
"Missouri",2003,29.25,234.83642578125,278.766235351562,222.260223388672,0.29681333899498,13.5872268676758
"Missouri",2004,29.25,NA,NA,NA,0.30869448184967,13.9014101028442
"Missouri",2005,29.25,235.035552978516,276.449951171875,221.16862487793,0.320310682058334,13.7508010864258
"Missouri",2006,29.25,NA,NA,NA,0.314060628414154,13.6815700531006
"Missouri",2007,29.25,239.411102294922,280.619537353516,220.776824951172,0.312163919210434,13.6554946899414
"Missouri",2008,29.25,NA,NA,NA,0.326997935771942,13.6219701766968
"Missouri",2009,29.25,240.684387207031,285.808013916016,224,0.333077162504196,13.5843515396118
"Missouri",2010,29.25,NA,NA,NA,0.339156359434128,13.5467329025269
"Missouri",2011,29.25,240,282,220,0.345235586166382,13.5091142654419
"Montana",1990,73.25,NA,280.497344970703,NA,0.19397084414959,15.7125787734985
"Montana",1991,73.25,NA,NA,NA,0.198517397046089,15.9132423400879
"Montana",1992,73.25,NA,NA,NA,0.208654567599297,15.7623195648193
"Montana",1993,73.25,NA,NA,NA,0.21735380589962,15.7879629135132
"Montana",1994,73.25,NA,NA,222.301422119141,0.218356043100357,16.3828144073486
"Montana",1995,73.25,NA,NA,NA,0.223030164837837,16.3052883148193
"Montana",1996,73.25,227.516235351562,283.003875732422,NA,0.223670616745949,16.4298324584961
"Montana",1997,73.25,NA,NA,NA,0.230818763375282,16.0330142974854
"Montana",1998,73.25,NA,NA,224.791366577148,0.227880612015724,15.8716268539429
"Montana",1999,73.25,NA,NA,NA,0.232523694634438,15.652871131897
"Montana",2000,73.25,228.47184753418,285.234008789062,NA,0.234469011425972,15.2183904647827
"Montana",2001,73.25,NA,NA,NA,0.229004040360451,14.8760929107666
"Montana",2002,73.25,NA,NA,224.162872314453,0.233686745166779,14.5990581512451
"Montana",2003,73.25,235.754913330078,285.928009033203,222.746536254883,0.241014704108238,14.4754877090454
"Montana",2004,73.25,NA,NA,NA,0.256706833839417,14.4020967483521
"Montana",2005,73.25,240.575485229492,286.432006835938,224.552185058594,0.254490315914154,14.3490810394287
"Montana",2006,73.25,NA,NA,NA,0.260892897844315,14.0241107940674
"Montana",2007,73.25,243.618804931641,287.075531005859,226.666534423828,0.263076633214951,13.8890171051025
"Montana",2008,73.25,NA,NA,NA,0.272081434726715,13.7940731048584
"Montana",2009,73.25,244.400756835938,291.542938232422,225,0.277920514345169,13.6524343490601
"Montana",2010,73.25,NA,NA,NA,0.283759593963623,13.510796546936
"Montana",2011,73.25,244,293,225,0.289598643779755,13.3691577911377
"Nebraska",1990,80,NA,275.673950195312,NA,0.170415624976158,14.6728773117065
"Nebraska",1991,80,NA,NA,NA,0.172350510954857,14.606746673584
"Nebraska",1992,80,225.332641601562,277.654510498047,221.176849365234,0.18216647207737,14.66002368927
"Nebraska",1993,80,NA,NA,NA,0.193180933594704,14.6154327392578
"Nebraska",1994,80,NA,NA,220.034957885742,0.197960689663887,14.5339012145996
"Nebraska",1995,80,NA,NA,NA,0.201828628778458,14.5190658569336
"Nebraska",1996,80,227.543991088867,282.769592285156,NA,0.199517503380775,14.4669466018677
"Nebraska",1997,80,NA,NA,NA,0.205447882413864,14.4724397659302
"Nebraska",1998,80,NA,NA,NA,0.217759266495705,14.5866432189941
"Nebraska",1999,80,NA,NA,NA,0.212688058614731,14.334810256958
"Nebraska",2000,80,225.057388305664,280.015960693359,NA,0.212984070181847,13.8813924789429
"Nebraska",2001,80,NA,NA,NA,0.213935062289238,13.6395654678345
"Nebraska",2002,80,NA,NA,221.565246582031,0.222602993249893,13.5225067138672
"Nebraska",2003,80,236.254104614258,282.193756103516,220.611801147461,0.237041085958481,13.5628004074097
"Nebraska",2004,80,NA,NA,NA,0.249059677124023,13.6485824584961
"Nebraska",2005,80,237.706176757812,283.962982177734,221.377456665039,0.259968996047974,13.4564418792725
"Nebraska",2006,80,NA,NA,NA,0.255102097988129,13.4203844070435
"Nebraska",2007,80,238.040802001953,283.650604248047,222.902557373047,0.270307391881943,13.4013700485229
"Nebraska",2008,80,NA,NA,NA,0.27937513589859,13.3795070648193
"Nebraska",2009,80,238.748458862305,284.259094238281,223,0.288049846887589,13.3445053100586
"Nebraska",2010,80,NA,NA,NA,0.296724528074265,13.3095026016235
"Nebraska",2011,80,240,283,223,0.305399239063263,13.2745008468628
"Nevada",1990,52.6666679382324,NA,NA,NA,0.124158345162868,20.3633785247803
"Nevada",1991,52.6666679382324,NA,NA,NA,0.149004548788071,19.407693862915
"Nevada",1992,52.6666679382324,NA,NA,NA,0.156239077448845,18.5651683807373
"Nevada",1993,52.6666679382324,NA,NA,NA,0.189537793397903,18.6542282104492
"Nevada",1994,52.6666679382324,NA,NA,NA,0.201454624533653,18.7455291748047
"Nevada",1995,52.6666679382324,NA,NA,NA,0.214096277952194,18.6929321289062
"Nevada",1996,52.6666679382324,217.622619628906,NA,NA,0.271618366241455,19.0979251861572
"Nevada",1997,52.6666679382324,NA,NA,NA,0.209976926445961,19.0564670562744
"Nevada",1998,52.6666679382324,NA,NA,205.786361694336,0.274565845727921,18.4776058197021
"Nevada",1999,52.6666679382324,NA,NA,NA,0.212340980768204,18.9498023986816
"Nevada",2000,52.6666679382324,219.55078125,264.94482421875,NA,0.210512578487396,18.7347526550293
"Nevada",2001,52.6666679382324,NA,NA,NA,0.204490095376968,18.6249389648438
"Nevada",2002,52.6666679382324,NA,NA,209.129165649414,0.232829988002777,18.5107898712158
"Nevada",2003,52.6666679382324,227.513595581055,268.043151855469,206.959686279297,0.275341153144836,18.4398651123047
"Nevada",2004,52.6666679382324,NA,NA,NA,0.272505789995193,19.0471973419189
"Nevada",2005,52.6666679382324,229.871597290039,269.905578613281,207.186981201172,0.296338498592377,19.0970401763916
"Nevada",2006,52.6666679382324,NA,NA,NA,0.314100563526154,18.9659214019775
"Nevada",2007,52.6666679382324,231.781600952148,270.804016113281,210.81901550293,0.331196963787079,18.5192947387695
"Nevada",2008,52.6666679382324,NA,NA,NA,0.350246727466583,18.9304046630859
"Nevada",2009,52.6666679382324,235.152267456055,274.148529052734,211,0.368302345275879,18.9781341552734
"Nevada",2010,52.6666679382324,NA,NA,NA,0.386357933282852,19.0258636474609
"Nevada",2011,52.6666679382324,237,278,213,0.404413521289825,19.0735931396484
"New Hampshire",1990,75.75,NA,273.147247314453,NA,0.0717314332723618,16.2406349182129
"New Hampshire",1991,75.75,NA,NA,NA,0.0840466469526291,16.2437725067139
"New Hampshire",1992,75.75,229.664566040039,278.216339111328,227.714828491211,0.109123960137367,15.4516744613647
"New Hampshire",1993,75.75,NA,NA,NA,0.107819713652134,15.552342414856
"New Hampshire",1994,75.75,NA,NA,223.46614074707,0.123581141233444,15.4827928543091
"New Hampshire",1995,75.75,NA,NA,NA,0.128507971763611,15.6345691680908
"New Hampshire",1996,75.75,NA,NA,NA,0.120718337595463,15.7274417877197
"New Hampshire",1997,75.75,NA,NA,NA,0.11782681196928,15.6246452331543
"New Hampshire",1998,75.75,NA,NA,226.180526733398,0.111690282821655,15.5926837921143
"New Hampshire",1999,75.75,NA,NA,NA,0.111805304884911,15.4035367965698
"New Hampshire",2000,75.75,NA,NA,NA,0.11360701918602,14.7312812805176
"New Hampshire",2001,75.75,NA,NA,NA,0.0996781140565872,14.5360155105591
"New Hampshire",2002,75.75,NA,NA,NA,0.0981836840510368,14.0932750701904
"New Hampshire",2003,75.75,243.110137939453,286.198455810547,227.789505004883,0.107521027326584,13.8659944534302
"New Hampshire",2004,75.75,NA,NA,NA,0.113066911697388,13.7253179550171
"New Hampshire",2005,75.75,245.625930786133,285.253356933594,227.438323974609,0.115169301629066,13.5215063095093
"New Hampshire",2006,75.75,NA,NA,NA,0.119105592370033,13.2445287704468
"New Hampshire",2007,75.75,248.571533203125,287.557067871094,229.017166137695,0.123767510056496,13.1196260452271
"New Hampshire",2008,75.75,NA,NA,NA,0.129279851913452,12.9013957977295
"New Hampshire",2009,75.75,251.071746826172,292.321807861328,229,0.133987724781036,12.7032117843628
"New Hampshire",2010,75.75,NA,NA,NA,0.138695582747459,12.5050268173218
"New Hampshire",2011,75.75,252,292,230,0.143403455615044,12.3068428039551
"New Jersey",1990,69.25,NA,269.6640625,NA,0.16336727142334,13.518159866333
"New Jersey",1991,69.25,NA,NA,NA,0.183878988027573,13.6400117874146
"New Jersey",1992,69.25,227.148040771484,271.905548095703,222.963653564453,0.213023841381073,13.7837171554565
"New Jersey",1993,69.25,NA,NA,NA,0.228249713778496,13.6118564605713
"New Jersey",1994,69.25,NA,NA,219.390472412109,0.236955046653748,13.6146230697632
"New Jersey",1995,69.25,NA,NA,NA,0.242104023694992,13.7723846435547
"New Jersey",1996,69.25,227.240173339844,NA,NA,0.239085972309113,13.8096675872803
"New Jersey",1997,69.25,NA,NA,NA,0.239712759852409,14.0096302032471
"New Jersey",1998,69.25,NA,NA,NA,0.239903032779694,13.9429244995117
"New Jersey",1999,69.25,NA,NA,NA,0.234475910663605,13.7539672851562
"New Jersey",2000,69.25,NA,NA,NA,0.228283599019051,13.4461374282837
"New Jersey",2001,69.25,NA,NA,NA,0.216319411993027,13.2585477828979
"New Jersey",2002,69.25,NA,NA,NA,0.221468836069107,12.9489727020264
"New Jersey",2003,69.25,238.77653503418,281.407135009766,225.073333740234,0.2085952013731,12.7793169021606
"New Jersey",2004,69.25,NA,NA,NA,0.206259191036224,12.6585168838501
"New Jersey",2005,69.25,243.978927612305,283.902618408203,223.298400878906,0.210465535521507,12.1292448043823
"New Jersey",2006,69.25,NA,NA,NA,0.21206833422184,12.3863039016724
"New Jersey",2007,69.25,248.621520996094,288.583465576172,230.64697265625,0.215207546949387,12.3672094345093
"New Jersey",2008,69.25,NA,NA,NA,0.210676044225693,12.0832147598267
"New Jersey",2009,69.25,246.529876708984,292.6572265625,229,0.210199445486069,11.9512968063354
"New Jersey",2010,69.25,NA,NA,NA,0.209722861647606,11.8193788528442
"New Jersey",2011,69.25,248,294,231,0.209246262907982,11.687460899353
"New Mexico",1990,67,NA,256.422973632812,NA,-0.00475621595978737,18.3317031860352
"New Mexico",1991,67,NA,NA,NA,0.0388545282185078,18.0734596252441
"New Mexico",1992,67,213.299087524414,259.606719970703,210.73844909668,0.0805625468492508,17.6401309967041
"New Mexico",1993,67,NA,NA,NA,0.120394065976143,17.62327003479
"New Mexico",1994,67,NA,NA,204.535903930664,0.158682525157928,17.5120620727539
"New Mexico",1995,67,NA,NA,NA,0.196424931287766,17.2009468078613
"New Mexico",1996,67,213.844024658203,261.970367431641,NA,0.234853833913803,16.9935035705566
"New Mexico",1997,67,NA,NA,NA,0.272237122058868,16.6557502746582
"New Mexico",1998,67,NA,NA,204.868942260742,0.312634229660034,16.8816108703613
"New Mexico",1999,67,NA,NA,NA,0.355372846126556,16.4532814025879
"New Mexico",2000,67,213.476348876953,259.334106445312,NA,0.400522172451019,16.3911190032959
"New Mexico",2001,67,NA,NA,NA,0.446775883436203,15.222222328186
"New Mexico",2002,67,NA,NA,207.501174926758,0.450577646493912,14.6753425598145
"New Mexico",2003,67,222.518005371094,263.272918701172,203.185317993164,0.471258521080017,15.1253538131714
"New Mexico",2004,67,NA,NA,NA,0.484114706516266,14.9782562255859
"New Mexico",2005,67,224.027221679688,263.275177001953,206.791625976562,0.481907486915588,15.0069952011108
"New Mexico",2006,67,NA,NA,NA,0.478987514972687,14.838472366333
"New Mexico",2007,67,228.064315795898,267.5380859375,211.631881713867,0.541426479816437,14.9082489013672
"New Mexico",2008,67,NA,NA,NA,0.53223443031311,14.9553737640381
"New Mexico",2009,67,230.029586791992,269.704254150391,208,0.545812249183655,14.9648780822754
"New Mexico",2010,67,NA,NA,NA,0.559390127658844,14.9743814468384
"New Mexico",2011,67,233,274,208,0.572967946529388,14.9838848114014
"New York",1990,165.5,NA,260.795806884766,NA,-0.0682014748454094,14.6946964263916
"New York",1991,165.5,NA,NA,NA,-0.0178731400519609,14.7306365966797
"New York",1992,165.5,218.445541381836,266.422302246094,214.625122070312,0.0310565363615751,15.3797426223755
"New York",1993,165.5,NA,NA,NA,0.0783239975571632,15.2498140335083
"New York",1994,165.5,NA,NA,211.740921020508,0.119827143847942,15.2375411987305
"New York",1995,165.5,NA,NA,NA,0.123753167688847,15.1761808395386
"New York",1996,165.5,222.634063720703,270.231475830078,NA,0.127889290452003,15.4948530197144
"New York",1997,165.5,NA,NA,NA,0.370339959859848,15.3596410751343
"New York",1998,165.5,NA,NA,215.421752929688,0.365600168704987,14.993257522583
"New York",1999,165.5,NA,NA,NA,0.370470970869064,14.5860548019409
"New York",2000,165.5,225.139221191406,271.462860107422,NA,0.370137423276901,14.2904024124146
"New York",2001,165.5,NA,NA,NA,0.364166051149368,13.9262371063232
"New York",2002,165.5,NA,NA,222.445053100586,0.364736378192902,13.733847618103
"New York",2003,165.5,235.930068969727,279.749267578125,222.188201904297,0.125583708286285,13.6931104660034
"New York",2004,165.5,NA,NA,NA,0.259924679994583,13.2557287216187
"New York",2005,165.5,238.173980712891,279.716247558594,222.695205688477,0.136100187897682,12.9742965698242
"New York",2006,165.5,NA,NA,NA,0.370649963617325,12.8571796417236
"New York",2007,165.5,242.543014526367,280.141174316406,223.752029418945,0.360388785600662,12.836540222168
"New York",2008,165.5,NA,NA,NA,0.328527569770813,12.4975414276123
"New York",2009,165.5,240.641098022461,282.576904296875,224,0.345374345779419,12.289662361145
"New York",2010,165.5,NA,NA,NA,0.362221091985703,12.0817832946777
"New York",2011,165.5,238,280,222,0.379067838191986,11.8739042282104
"North Carolina",1990,85.25,NA,250.348480224609,NA,0.315568715333939,17.1112098693848
"North Carolina",1991,85.25,NA,NA,NA,0.309507757425308,16.9075965881348
"North Carolina",1992,85.25,212.884490966797,258.405364990234,211.545928955078,0.219038292765617,16.8018550872803
"North Carolina",1993,85.25,NA,NA,NA,0.284905165433884,16.7204418182373
"North Carolina",1994,85.25,NA,NA,214.35807800293,0.290875375270844,16.3240375518799
"North Carolina",1995,85.25,NA,NA,NA,0.292580962181091,16.1577682495117
"North Carolina",1996,85.25,224.325119018555,267.834564208984,NA,0.301946610212326,16.1622104644775
"North Carolina",1997,85.25,NA,NA,NA,0.302960574626923,16.0835208892822
"North Carolina",1998,85.25,NA,NA,212.901153564453,0.304431825876236,15.891019821167
"North Carolina",1999,85.25,NA,NA,NA,0.310471385717392,15.777759552002
"North Carolina",2000,85.25,229.901824951172,276.241180419922,NA,0.31139212846756,15.5763969421387
"North Carolina",2001,85.25,NA,NA,NA,0.288387477397919,15.4593448638916
"North Carolina",2002,85.25,NA,NA,221.634033203125,0.30185204744339,15.3513259887695
"North Carolina",2003,85.25,242.040130615234,281.240356445312,221.220581054688,0.270819216966629,15.2372226715088
"North Carolina",2004,85.25,NA,NA,NA,0.362337708473206,15.1154489517212
"North Carolina",2005,85.25,241.235549926758,281.825134277344,217.13444519043,0.371421635150909,14.9730310440063
"North Carolina",2006,85.25,NA,NA,NA,0.351724326610565,14.8063640594482
"North Carolina",2007,85.25,241.61799621582,283.880676269531,217.934036254883,0.352433145046234,13.8344345092773
"North Carolina",2008,85.25,NA,NA,NA,0.385568499565125,13.9843597412109
"North Carolina",2009,85.25,243.778457641602,284.332641601562,219,0.399988621473312,13.7266607284546
"North Carolina",2010,85.25,NA,NA,NA,0.414408773183823,13.4689626693726
"North Carolina",2011,85.25,245,286,221,0.42882889509201,13.2112636566162
"North Dakota",1990,61.25,NA,281.100433349609,NA,0.207549840211868,15.0872068405151
"North Dakota",1991,61.25,NA,NA,NA,0.207163169980049,15.5216703414917
"North Dakota",1992,61.25,228.662811279297,283.213073730469,225.51594543457,0.193485170602798,15.3079013824463
"North Dakota",1993,61.25,NA,NA,NA,0.204297006130219,15.2340259552002
"North Dakota",1994,61.25,NA,NA,225.23908996582,0.210120290517807,15.3613157272339
"North Dakota",1995,61.25,NA,NA,NA,0.205494269728661,15.3011798858643
"North Dakota",1996,61.25,230.904190063477,284.222259521484,NA,0.202031910419464,15.8778829574585
"North Dakota",1997,61.25,NA,NA,NA,0.209710046648979,15.2208566665649
"North Dakota",1998,61.25,NA,NA,NA,0.215202569961548,14.6929368972778
"North Dakota",1999,61.25,NA,NA,NA,0.206635519862175,14.4127159118652
"North Dakota",2000,61.25,229.816101074219,281.892944335938,NA,0.209204345941544,13.8344783782959
"North Dakota",2001,61.25,NA,NA,NA,0.20948526263237,13.4137086868286
"North Dakota",2002,61.25,NA,NA,223.591552734375,0.20047715306282,13.1981334686279
"North Dakota",2003,61.25,237.577392578125,287.144653320312,221.642242431641,0.202638521790504,12.9023275375366
"North Dakota",2004,61.25,NA,NA,NA,0.20411217212677,12.7202939987183
"North Dakota",2005,61.25,242.736999511719,286.960968017578,224.810852050781,0.209087386727333,12.4551429748535
"North Dakota",2006,61.25,NA,NA,NA,0.215815559029579,12.2807693481445
"North Dakota",2007,61.25,245.41584777832,291.561614990234,226.325485229492,0.22341987490654,12.0731859207153
"North Dakota",2008,61.25,NA,NA,NA,0.225180432200432,11.8295192718506
"North Dakota",2009,61.25,245.189529418945,292.842498779297,226,0.229729577898979,11.6079607009888
"North Dakota",2010,61.25,NA,NA,NA,0.234278723597527,11.3864011764526
"North Dakota",2011,61.25,245,292,226,0.238827854394913,11.1648426055908
"Ohio",1990,60.75,NA,263.974487304688,NA,0.221983522176743,17.3975772857666
"Ohio",1991,60.75,NA,NA,NA,0.221456333994865,17.1803607940674
"Ohio",1992,60.75,218.711929321289,268.124206542969,217.370300292969,0.216689169406891,17.2558040618896
"Ohio",1993,60.75,NA,NA,NA,0.226394951343536,16.8986949920654
"Ohio",1994,60.75,NA,NA,NA,0.234383642673492,16.8210315704346
"Ohio",1995,60.75,NA,NA,NA,0.237280145287514,16.631893157959
"Ohio",1996,60.75,NA,NA,NA,0.1413833796978,17.103551864624
"Ohio",1997,60.75,NA,NA,NA,0.228620618581772,16.999475479126
"Ohio",1998,60.75,NA,NA,NA,0.225601673126221,16.6765747070312
"Ohio",1999,60.75,NA,NA,NA,0.2237608730793,16.1615924835205
"Ohio",2000,60.75,230.007537841797,280.584747314453,NA,0.219276964664459,15.8051118850708
"Ohio",2001,60.75,NA,NA,NA,0.213827535510063,15.5038318634033
"Ohio",2002,60.75,NA,NA,222.435958862305,0.225364491343498,14.9939403533936
"Ohio",2003,60.75,237.782073974609,281.607299804688,221.865798950195,0.235786616802216,14.6626443862915
"Ohio",2004,60.75,NA,NA,NA,0.239839762449265,15.159387588501
"Ohio",2005,60.75,242.105941772461,283.251770019531,222.533248901367,0.254846662282944,15.5855665206909
"Ohio",2006,60.75,NA,NA,NA,0.263335585594177,15.5929126739502
"Ohio",2007,60.75,244.532730102539,284.851654052734,225.6669921875,0.272630631923676,16.6328105926514
"Ohio",2008,60.75,NA,NA,NA,0.282032400369644,16.5790100097656
"Ohio",2009,60.75,243.687545776367,285.5830078125,225,0.291574835777283,16.9050483703613
"Ohio",2010,60.75,NA,NA,NA,0.301117241382599,17.231086730957
"Ohio",2011,60.75,244,289,224,0.310659646987915,17.5571250915527
"Oklahoma",1990,66.5,NA,263.178466796875,NA,0.270616888999939,16.2381076812744
"Oklahoma",1991,66.5,NA,NA,NA,0.284439355134964,15.5580720901489
"Oklahoma",1992,66.5,220.319808959961,268.131988525391,220.276779174805,0.282858163118362,15.6245155334473
"Oklahoma",1993,66.5,NA,NA,NA,0.281917810440063,15.5360240936279
"Oklahoma",1994,66.5,NA,NA,NA,0.315680474042892,15.4768257141113
"Oklahoma",1995,66.5,NA,NA,NA,0.330078810453415,15.4727201461792
"Oklahoma",1996,66.5,NA,NA,NA,0.358952820301056,15.6588001251221
"Oklahoma",1997,66.5,NA,NA,NA,0.364199817180634,15.6867923736572
"Oklahoma",1998,66.5,NA,NA,219.211318969727,0.357532143592834,15.5086660385132
"Oklahoma",1999,66.5,NA,NA,NA,0.359180390834808,15.3755750656128
"Oklahoma",2000,66.5,223.729537963867,269.734436035156,NA,0.379549324512482,15.1099328994751
"Oklahoma",2001,66.5,NA,NA,NA,0.375907957553864,15.0808362960815
"Oklahoma",2002,66.5,NA,NA,213.328414916992,0.381509602069855,14.9437694549561
"Oklahoma",2003,66.5,229.096618652344,271.905151367188,213.579360961914,0.410805881023407,15.3685712814331
"Oklahoma",2004,66.5,NA,NA,NA,0.424734890460968,15.9519014358521
"Oklahoma",2005,66.5,233.955322265625,271.359893798828,213.861450195312,0.435271561145782,15.5749206542969
"Oklahoma",2006,66.5,NA,NA,NA,0.440878838300705,15.1731643676758
"Oklahoma",2007,66.5,236.802200317383,274.535003662109,216.955657958984,0.449096083641052,15.1492919921875
"Oklahoma",2008,66.5,NA,NA,NA,0.467584937810898,15.3667106628418
"Oklahoma",2009,66.5,236.780990600586,275.711944580078,217,0.480118870735168,15.3685512542725
"Oklahoma",2010,66.5,NA,NA,NA,0.492652833461761,15.3703918457031
"Oklahoma",2011,66.5,237,279,215,0.50518673658371,15.3722314834595
"Oregon",1990,70,NA,271.362487792969,NA,0.188141673803329,18.4312915802002
"Oregon",1991,70,NA,NA,NA,0.188397824764252,18.0482158660889
"Oregon",1992,70,NA,NA,NA,0.205425441265106,18.6432609558105
"Oregon",1993,70,NA,NA,NA,0.218924105167389,19.1530380249023
"Oregon",1994,70,NA,NA,NA,0.22611790895462,19.5035858154297
"Oregon",1995,70,NA,NA,NA,0.239592298865318,19.9154834747314
"Oregon",1996,70,223.476165771484,276.341522216797,NA,0.195747792720795,19.7868824005127
"Oregon",1997,70,NA,NA,NA,0.235242277383804,20.1014308929443
"Oregon",1998,70,NA,NA,211.556945800781,0.247952327132225,20.0982360839844
"Oregon",1999,70,NA,NA,NA,0.250810146331787,19.9914932250977
"Oregon",2000,70,223.913818359375,280.062225341797,NA,0.257692664861679,19.6033878326416
"Oregon",2001,70,NA,NA,NA,0.256541639566422,19.4429779052734
"Oregon",2002,70,NA,NA,219.936920166016,0.280240446329117,19.513126373291
"Oregon",2003,70,236.305908203125,280.892456054688,217.614532470703,0.297490745782852,20.4258270263672
"Oregon",2004,70,NA,NA,NA,0.31668883562088,20.6222133636475
"Oregon",2005,70,238.324935913086,282.237335205078,216.899978637695,0.325394332408905,20.1416282653809
"Oregon",2006,70,NA,NA,NA,0.335434645414352,19.4804916381836
"Oregon",2007,70,236.039657592773,283.826263427734,215.017318725586,0.332711786031723,21.2749691009521
"Oregon",2008,70,NA,NA,NA,0.35314953327179,20.7923049926758
"Oregon",2009,70,238.032333374023,285.036804199219,218,0.364146500825882,20.9492378234863
"Oregon",2010,70,NA,NA,NA,0.375143468379974,21.1061687469482
"Oregon",2011,70,237,283,216,0.386140435934067,21.2631015777588
"Pennsylvania",1990,57.25,NA,266.363952636719,NA,0.333379447460175,15.7024993896484
"Pennsylvania",1991,57.25,NA,NA,NA,0.322751551866531,16.6326007843018
"Pennsylvania",1992,57.25,224.305725097656,271.378448486328,220.692657470703,0.30999344587326,16.8479423522949
"Pennsylvania",1993,57.25,NA,NA,NA,0.297631651163101,17.0208988189697
"Pennsylvania",1994,57.25,NA,NA,215.268341064453,0.285351276397705,17.2168292999268
"Pennsylvania",1995,57.25,NA,NA,NA,0.274306416511536,17.137393951416
"Pennsylvania",1996,57.25,226.212020874023,NA,NA,0.263265639543533,17.0369415283203
"Pennsylvania",1997,57.25,NA,NA,NA,0.253321021795273,16.9521942138672
"Pennsylvania",1998,57.25,NA,NA,NA,0.244341105222702,16.8047752380371
"Pennsylvania",1999,57.25,NA,NA,NA,0.236716955900192,16.354513168335
"Pennsylvania",2000,57.25,NA,NA,NA,0.229224607348442,15.8630514144897
"Pennsylvania",2001,57.25,NA,NA,NA,0.222065567970276,15.5118370056152
"Pennsylvania",2002,57.25,NA,NA,220.63639831543,0.226107209920883,15.3762722015381
"Pennsylvania",2003,57.25,235.947021484375,278.537750244141,218.698425292969,0.228827133774757,15.3628311157227
"Pennsylvania",2004,57.25,NA,NA,NA,0.22332201898098,15.1902675628662
"Pennsylvania",2005,57.25,240.572967529297,280.713836669922,222.771987915039,0.221702560782433,15.0873508453369
"Pennsylvania",2006,57.25,NA,NA,NA,0.249750360846519,14.956934928894
"Pennsylvania",2007,57.25,244.001266479492,286.166870117188,226.353652954102,0.236213698983192,15.1656332015991
"Pennsylvania",2008,57.25,NA,NA,NA,0.242155432701111,14.9525012969971
"Pennsylvania",2009,57.25,243.587875366211,288.304168701172,224,0.245346367359161,14.8846788406372
"Pennsylvania",2010,57.25,NA,NA,NA,0.248537302017212,14.816855430603
"Pennsylvania",2011,57.25,246,286,227,0.251728236675262,14.7490329742432
"Rhode Island",1990,44.75,NA,260.040893554688,NA,0.172542348504066,14.4870319366455
"Rhode Island",1991,44.75,NA,NA,NA,0.182432487607002,14.5781345367432
"Rhode Island",1992,44.75,215.449249267578,265.907104492188,216.614517211914,0.211025431752205,14.6404371261597
"Rhode Island",1993,44.75,NA,NA,NA,0.213299214839935,14.2812595367432
"Rhode Island",1994,44.75,NA,NA,219.940093994141,0.237053453922272,14.8300924301147
"Rhode Island",1995,44.75,NA,NA,NA,0.265277624130249,14.6519966125488
"Rhode Island",1996,44.75,220.418090820312,268.877319335938,NA,0.266437023878098,14.291069984436
"Rhode Island",1997,44.75,NA,NA,NA,0.279367446899414,14.2008256912231
"Rhode Island",1998,44.75,NA,NA,217.886352539062,0.278872430324554,14.4669752120972
"Rhode Island",1999,44.75,NA,NA,NA,0.281041443347931,13.9145088195801
"Rhode Island",2000,44.75,224.069808959961,268.943756103516,NA,0.281840026378632,14.1702747344971
"Rhode Island",2001,44.75,NA,NA,NA,0.280856966972351,14.7813053131104
"Rhode Island",2002,44.75,NA,NA,219.623504638672,0.283183366060257,14.2345314025879
"Rhode Island",2003,44.75,230.297958374023,271.998687744141,216.494018554688,0.272164821624756,14.2198104858398
"Rhode Island",2004,44.75,NA,NA,NA,0.288834512233734,13.3726291656494
"Rhode Island",2005,44.75,233.436767578125,272.345031738281,216.439865112305,0.259517699480057,13.2839317321777
"Rhode Island",2006,44.75,NA,NA,NA,0.281146109104156,10.8196048736572
"Rhode Island",2007,44.75,235.8779296875,275.386993408203,218.761444091797,0.261661350727081,13.3215007781982
"Rhode Island",2008,44.75,NA,NA,NA,0.263419687747955,11.7232217788696
"Rhode Island",2009,44.75,238.766860961914,277.923706054688,223,0.260277301073074,11.2988080978394
"Rhode Island",2010,44.75,NA,NA,NA,0.257134944200516,10.8743944168091
"Rhode Island",2011,44.75,242,283,222,0.253992557525635,10.4499816894531
"South Carolina",1990,26,NA,NA,NA,0.36064824461937,16.9572887420654
"South Carolina",1991,26,NA,NA,NA,0.334205090999603,16.8306694030762
"South Carolina",1992,26,212.496719360352,260.772552490234,209.716171264648,0.366097182035446,16.9061031341553
"South Carolina",1993,26,NA,NA,NA,0.376544207334518,17.1729183197021
"South Carolina",1994,26,NA,NA,203.41618347168,0.390081644058228,16.6674270629883
"South Carolina",1995,26,NA,NA,NA,0.390734136104584,16.4496536254883
"South Carolina",1996,26,213.194412231445,260.775451660156,NA,0.390459209680557,16.1711845397949
"South Carolina",1997,26,NA,NA,NA,0.393089324235916,15.7445430755615
"South Carolina",1998,26,NA,NA,208.833465576172,0.416090160608292,15.5723972320557
"South Carolina",1999,26,NA,NA,NA,0.382588028907776,15.2120666503906
"South Carolina",2000,26,219.869415283203,264.584747314453,NA,0.388096511363983,14.6648187637329
"South Carolina",2001,26,NA,NA,NA,0.395340502262115,14.9275236129761
"South Carolina",2002,26,NA,NA,213.858856201172,0.409036993980408,14.5057058334351
"South Carolina",2003,26,235.793228149414,277.300445556641,214.807723999023,0.416805267333984,14.923789024353
"South Carolina",2004,26,NA,NA,NA,0.43293172121048,15.2563390731812
"South Carolina",2005,26,238.302673339844,281.234313964844,213.203506469727,0.444463551044464,15.0005540847778
"South Carolina",2006,26,NA,NA,NA,0.436840742826462,14.5512323379517
"South Carolina",2007,26,237.107406616211,281.503601074219,213.836532592773,0.437230408191681,14.1378765106201
"South Carolina",2008,26,NA,NA,NA,0.450811982154846,14.4079895019531
"South Carolina",2009,26,235.668304443359,280.380859375,216,0.456886410713196,14.3162002563477
"South Carolina",2010,26,NA,NA,NA,0.462960869073868,14.2244119644165
"South Carolina",2011,26,237,281,215,0.469035297632217,14.1326236724854
"South Dakota",1990,72.25,NA,NA,NA,0.385524898767471,15.5449886322021
"South Dakota",1991,72.25,NA,NA,NA,0.36453115940094,15.1761245727539
"South Dakota",1992,72.25,NA,NA,NA,0.342616438865662,14.8371677398682
"South Dakota",1993,72.25,NA,NA,NA,0.320093184709549,15.3499488830566
"South Dakota",1994,72.25,NA,NA,NA,0.287566602230072,14.9445428848267
"South Dakota",1995,72.25,NA,NA,NA,0.238169252872467,14.3697547912598
"South Dakota",1996,72.25,NA,NA,NA,0.256165474653244,15.0072603225708
"South Dakota",1997,72.25,NA,NA,NA,0.246317967772484,14.8915328979492
"South Dakota",1998,72.25,NA,NA,NA,0.323336362838745,15.3461542129517
"South Dakota",1999,72.25,NA,NA,NA,0.208558812737465,14.2882566452026
"South Dakota",2000,72.25,NA,NA,NA,0.192762345075607,13.9638748168945
"South Dakota",2001,72.25,NA,NA,NA,0.201348334550858,13.6869945526123
"South Dakota",2002,72.25,NA,NA,NA,0.205061867833138,13.6117391586304
"South Dakota",2003,72.25,237.26481628418,284.881744384766,222.273178100586,0.21013779938221,14.0486116409302
"South Dakota",2004,72.25,NA,NA,NA,0.22844260931015,13.5789079666138
"South Dakota",2005,72.25,241.594192504883,287.303619384766,222.398696899414,0.219865143299103,13.5478820800781
"South Dakota",2006,72.25,NA,NA,NA,0.230223253369331,13.3653192520142
"South Dakota",2007,72.25,241.213424682617,288.463928222656,223.398529052734,0.210295647382736,13.3581037521362
"South Dakota",2008,72.25,NA,NA,NA,0.22512249648571,13.2501859664917
"South Dakota",2009,72.25,242.097793579102,290.619140625,222,0.22734671831131,13.1544981002808
"South Dakota",2010,72.25,NA,NA,NA,0.229570940136909,13.0588102340698
"South Dakota",2011,72.25,241,291,220,0.231795161962509,12.9631223678589
"Tennessee",1990,80,NA,NA,NA,0.481866866350174,19.1402015686035
"Tennessee",1991,80,NA,NA,NA,0.478983014822006,19.1539096832275
"Tennessee",1992,80,210.948226928711,258.828033447266,212.137176513672,0.473779797554016,19.3593196868896
"Tennessee",1993,80,NA,NA,NA,0.461824923753738,19.6306991577148
"Tennessee",1994,80,NA,NA,212.531387329102,0.455788820981979,18.8112049102783
"Tennessee",1995,80,NA,NA,NA,0.448100507259369,18.593111038208
"Tennessee",1996,80,219.176254272461,263.118927001953,NA,0.441911220550537,16.7363262176514
"Tennessee",1997,80,NA,NA,NA,0.436515420675278,16.5142917633057
"Tennessee",1998,80,NA,NA,211.796112060547,0.442270487546921,16.494478225708
"Tennessee",1999,80,NA,NA,NA,0.436208784580231,15.279860496521
"Tennessee",2000,80,219.847106933594,261.6171875,NA,0.431091606616974,15.0934400558472
"Tennessee",2001,80,NA,NA,NA,0.434430211782455,15.9044332504272
"Tennessee",2002,80,NA,NA,213.693923950195,0.427037984132767,15.8489809036255
"Tennessee",2003,80,227.75505065918,268.175720214844,211.947540283203,0.425790846347809,15.8154535293579
"Tennessee",2004,80,NA,NA,NA,0.42166605591774,15.7203607559204
"Tennessee",2005,80,231.688079833984,270.524566650391,214.221267700195,0.419690549373627,15.6791009902954
"Tennessee",2006,80,NA,NA,NA,0.414042770862579,16.0065784454346
"Tennessee",2007,80,232.753707885742,273.978790283203,215.749267578125,0.403699845075607,15.7354602813721
"Tennessee",2008,80,NA,NA,NA,0.403263628482819,15.7974405288696
"Tennessee",2009,80,231.825485229492,274.761810302734,217,0.398866206407547,15.7964267730713
"Tennessee",2010,80,NA,NA,NA,0.394468754529953,15.7954120635986
"Tennessee",2011,80,233,274,215,0.390071302652359,15.7943983078003
"Texas",1990,83.5,NA,258.189971923828,NA,0.409002631902695,16.6928997039795
"Texas",1991,83.5,NA,NA,NA,0.407064765691757,15.4259815216064
"Texas",1992,83.5,217.918746948242,264.592834472656,212.504928588867,0.362327545881271,15.8051891326904
"Texas",1993,83.5,NA,NA,NA,0.434489369392395,16.144079208374
"Texas",1994,83.5,NA,NA,212.394317626953,0.387915849685669,16.0488452911377
"Texas",1995,83.5,NA,NA,NA,0.393650442361832,15.7001152038574
"Texas",1996,83.5,228.712921142578,270.199584960938,NA,0.396271824836731,15.5932579040527
"Texas",1997,83.5,NA,NA,NA,0.396459370851517,15.461236000061
"Texas",1998,83.5,NA,NA,214.154159545898,0.388665169477463,15.2888231277466
"Texas",1999,83.5,NA,NA,NA,0.374425232410431,15.189736366272
"Texas",2000,83.5,231.278335571289,273.443786621094,NA,0.369035601615906,14.898325920105
"Texas",2001,83.5,NA,NA,NA,0.375769019126892,14.7715969085693
"Texas",2002,83.5,NA,NA,216.932235717773,0.382152825593948,14.7198371887207
"Texas",2003,83.5,237.305923461914,277.052642822266,214.807998657227,0.390242725610733,14.7574892044067
"Texas",2004,83.5,NA,NA,NA,0.393481522798538,14.9638528823853
"Texas",2005,83.5,241.990921020508,281.102844238281,218.733825683594,0.393918126821518,14.9558982849121
"Texas",2006,83.5,NA,NA,NA,0.399809390306473,14.9636898040771
"Texas",2007,83.5,242.339767456055,285.870697021484,219.604309082031,0.390993922948837,14.7586193084717
"Texas",2008,83.5,NA,NA,NA,0.399100631475449,14.933687210083
"Texas",2009,83.5,240.464630126953,286.685089111328,219,0.401196122169495,14.9566745758057
"Texas",2010,83.5,NA,NA,NA,0.403291612863541,14.9796619415283
"Texas",2011,83.5,241,290,218,0.405387103557587,15.002649307251
"Utah",1990,74.25,NA,NA,NA,0.150560706853867,24.9022769927979
"Utah",1991,74.25,NA,NA,NA,0.151744529604912,24.9749488830566
"Utah",1992,74.25,224.042251586914,274.343170166016,220.390228271484,0.17244265973568,24.9347171783447
"Utah",1993,74.25,NA,NA,NA,0.189602687954903,24.1712265014648
"Utah",1994,74.25,NA,NA,217.33039855957,0.190996363759041,24.739673614502
"Utah",1995,74.25,NA,NA,NA,0.187863275408745,24.312385559082
"Utah",1996,74.25,226.515838623047,276.773101806641,NA,0.193701386451721,23.8096218109131
"Utah",1997,74.25,NA,NA,NA,0.184420481324196,24.4153232574463
"Utah",1998,74.25,NA,NA,216.215270996094,0.184710025787354,22.8726978302002
"Utah",1999,74.25,NA,NA,NA,0.186860933899879,22.3792381286621
"Utah",2000,74.25,226.808792114258,273.526489257812,NA,0.18592831492424,21.9977550506592
"Utah",2001,74.25,NA,NA,NA,0.188138782978058,21.8777256011963
"Utah",2002,74.25,NA,NA,221.514175415039,0.199495747685432,21.8214855194092
"Utah",2003,74.25,234.782943725586,280.645355224609,219.27033996582,0.214985013008118,21.8274364471436
"Utah",2004,74.25,NA,NA,NA,0.228996679186821,22.3949527740479
"Utah",2005,74.25,238.797424316406,279.156127929688,221.310928344727,0.225797101855278,22.5964469909668
"Utah",2006,74.25,NA,NA,NA,0.231882467865944,22.1123828887939
"Utah",2007,74.25,239.404983520508,281.087463378906,221.261428833008,0.208926513791084,22.148307800293
"Utah",2008,74.25,NA,NA,NA,0.227811917662621,22.4192123413086
"Utah",2009,74.25,240.318710327148,284.068237304688,219,0.230516105890274,22.4960823059082
"Utah",2010,74.25,NA,NA,NA,0.233220294117928,22.5729522705078
"Utah",2011,74.25,243,283,220,0.235924482345581,22.6498222351074
"Vermont",1990,NA,NA,NA,NA,0.121830783784389,13.832311630249
"Vermont",1991,NA,NA,NA,NA,0.132317617535591,13.1958112716675
"Vermont",1992,NA,NA,NA,NA,0.093074731528759,13.8155307769775
"Vermont",1993,NA,NA,NA,NA,0.159307211637497,13.1043748855591
"Vermont",1994,NA,NA,NA,NA,0.146503821015358,14.0184173583984
"Vermont",1995,NA,NA,NA,NA,0.178728252649307,13.8161516189575
"Vermont",1996,NA,224.881057739258,279.253234863281,NA,0.180988013744354,13.7526054382324
"Vermont",1997,NA,NA,NA,NA,0.184952184557915,13.7196493148804
"Vermont",1998,NA,NA,NA,NA,0.215126812458038,13.400429725647
"Vermont",1999,NA,NA,NA,NA,0.156135842204094,12.7867660522461
"Vermont",2000,NA,231.563629150391,280.500396728516,NA,0.162721529603004,12.3388013839722
"Vermont",2001,NA,NA,NA,NA,0.16836029291153,12.1284761428833
"Vermont",2002,NA,NA,NA,226.961227416992,0.169432386755943,11.8282670974731
"Vermont",2003,NA,241.926071166992,285.645568847656,226.12174987793,0.185100719332695,11.7042846679688
"Vermont",2004,NA,NA,NA,NA,0.199630692601204,11.3273515701294
"Vermont",2005,NA,243.528854370117,287.356475830078,226.886245727539,0.182294204831123,11.2788991928101
"Vermont",2006,NA,NA,NA,NA,0.194747403264046,10.9183139801025
"Vermont",2007,NA,246.357406616211,291.010772705078,228.24853515625,0.192140385508537,10.7685966491699
"Vermont",2008,NA,NA,NA,NA,0.199738651514053,10.5338134765625
"Vermont",2009,NA,247.767227172852,292.866088867188,229,0.203314185142517,10.3136787414551
"Vermont",2010,NA,NA,NA,NA,0.206889718770981,10.0935440063477
"Vermont",2011,NA,247,294,227,0.210465252399445,9.87340927124023
"Virginia",1990,75,NA,264.273010253906,NA,0.239220291376114,15.8573818206787
"Virginia",1991,75,NA,NA,NA,0.23877078294754,15.6918983459473
"Virginia",1992,75,220.762969970703,267.863739013672,220.753494262695,0.237313330173492,15.7460680007935
"Virginia",1993,75,NA,NA,NA,0.236335724592209,15.1350812911987
"Virginia",1994,75,NA,NA,213.457290649414,0.212148398160934,14.7542448043823
"Virginia",1995,75,NA,NA,NA,0.238021165132523,14.6308393478394
"Virginia",1996,75,222.643218994141,269.75439453125,NA,0.242886543273926,14.4498805999756
"Virginia",1997,75,NA,NA,NA,0.244191870093346,14.7075252532959
"Virginia",1998,75,NA,NA,217.247970581055,0.243844389915466,14.319239616394
"Virginia",1999,75,NA,NA,NA,0.236959770321846,14.1701898574829
"Virginia",2000,75,229.541473388672,274.765869140625,NA,0.231431558728218,13.335301399231
"Virginia",2001,75,NA,NA,NA,0.214123323559761,13.1634225845337
"Virginia",2002,75,NA,NA,225.009429931641,0.225996077060699,13.0224933624268
"Virginia",2003,75,239.203094482422,281.676635742188,223.340362548828,0.231740802526474,11.7818336486816
"Virginia",2004,75,NA,NA,NA,0.233168244361877,13.1616706848145
"Virginia",2005,75,240.497573852539,284.371643066406,225.813705444336,0.243441104888916,12.8530168533325
"Virginia",2006,75,NA,NA,NA,0.242800027132034,11.6756715774536
"Virginia",2007,75,243.521133422852,287.625915527344,227.13671875,0.242909938097,11.6189222335815
"Virginia",2008,75,NA,NA,NA,0.24947801232338,11.5877685546875
"Virginia",2009,75,243.071304321289,286.069763183594,227,0.253135740756989,11.3693399429321
"Virginia",2010,75,NA,NA,NA,0.256793439388275,11.1509113311768
"Virginia",2011,75,245,289,226,0.260451138019562,10.9324827194214
"Washington",1990,46,NA,NA,NA,0.149198696017265,20.1154937744141
"Washington",1991,46,NA,NA,NA,0.156306758522987,20.1060485839844
"Washington",1992,46,NA,NA,NA,0.162906274199486,20.2494010925293
"Washington",1993,46,NA,NA,NA,0.169536739587784,20.2387409210205
"Washington",1994,46,NA,NA,212.695388793945,0.177249550819397,20.1202011108398
"Washington",1995,46,NA,NA,NA,0.184073463082314,20.20530128479
"Washington",1996,46,225.053298950195,276.117126464844,NA,0.191397324204445,20.3929481506348
"Washington",1997,46,NA,NA,NA,0.198513239622116,20.1731433868408
"Washington",1998,46,NA,NA,218.156524658203,0.205620855093002,20.1987819671631
"Washington",1999,46,NA,NA,NA,0.214603051543236,20.0932731628418
"Washington",2000,46,NA,NA,NA,0.2237209379673,19.9276123046875
"Washington",2001,46,NA,NA,NA,0.233803227543831,19.6635875701904
"Washington",2002,46,NA,NA,223.65592956543,0.233229294419289,19.2104167938232
"Washington",2003,46,238.292846679688,281.1513671875,221.096694946289,0.255669593811035,19.1641273498535
"Washington",2004,46,NA,NA,NA,0.267587274312973,19.3349418640137
"Washington",2005,46,241.684677124023,285.052215576172,223.486404418945,0.27439472079277,19.2000942230225
"Washington",2006,46,NA,NA,NA,0.283195972442627,19.2865543365479
"Washington",2007,46,242.542236328125,284.86279296875,223.99934387207,0.279461681842804,19.105260848999
"Washington",2008,46,NA,NA,NA,0.29764461517334,19.1875648498535
"Washington",2009,46,242.257095336914,288.722381591797,221,0.30680313706398,19.1791839599609
"Washington",2010,46,NA,NA,NA,0.31596165895462,19.1708011627197
"Washington",2011,46,243,288,221,0.325120180845261,19.1624202728271
"West Virginia",1990,65,NA,255.899063110352,NA,0.318138241767883,15.1267719268799
"West Virginia",1991,65,NA,NA,NA,0.319806188344955,15.0115947723389
"West Virginia",1992,65,215.268920898438,259.086456298828,215.535598754883,0.341159522533417,15.2521314620972
"West Virginia",1993,65,NA,NA,NA,0.351418167352676,15.1851530075073
"West Virginia",1994,65,NA,NA,213.146942138672,0.358925253152847,14.9499740600586
"West Virginia",1995,65,NA,NA,NA,0.383799612522125,14.7693586349487
"West Virginia",1996,65,223.350128173828,264.865203857422,NA,0.386269509792328,14.5737199783325
"West Virginia",1997,65,NA,NA,NA,0.394869953393936,14.556300163269
"West Virginia",1998,65,NA,NA,215.62092590332,0.40300378203392,14.3896026611328
"West Virginia",1999,65,NA,NA,NA,0.396823853254318,14.1755208969116
"West Virginia",2000,65,223.203598022461,266.472381591797,NA,0.396184504032135,13.8417129516602
"West Virginia",2001,65,NA,NA,NA,0.392248421907425,13.6821308135986
"West Virginia",2002,65,NA,NA,218.777801513672,0.394004642963409,14.0466260910034
"West Virginia",2003,65,230.76774597168,270.770355224609,219.17951965332,0.378708124160767,14.0392169952393
"West Virginia",2004,65,NA,NA,NA,0.387564688920975,14.046703338623
"West Virginia",2005,65,230.84326171875,269.099487304688,214.767059326172,0.404245913028717,14.0359258651733
"West Virginia",2006,65,NA,NA,NA,0.392575114965439,14.0855569839478
"West Virginia",2007,65,236.337799072266,270.084106445312,215.130554199219,0.39473432302475,14.5224580764771
"West Virginia",2008,65,NA,NA,NA,0.398165196180344,14.3801546096802
"West Virginia",2009,65,232.983139038086,270.415771484375,215,0.399934649467468,14.4517946243286
"West Virginia",2010,65,NA,NA,NA,0.401704072952271,14.5234346389771
"West Virginia",2011,65,235,273,214,0.403473526239395,14.5950746536255
"Wisconsin",1990,77,NA,274.487365722656,NA,0.169618278741837,15.8710899353027
"Wisconsin",1991,77,NA,NA,NA,0.173984885215759,16.1782684326172
"Wisconsin",1992,77,228.692001342773,277.879119873047,223.60807800293,0.181662291288376,15.6583185195923
"Wisconsin",1993,77,NA,NA,NA,0.199773341417313,15.5358982086182
"Wisconsin",1994,77,NA,NA,224.174545288086,0.198259249329567,15.9782094955444
"Wisconsin",1995,77,NA,NA,NA,0.14937350153923,15.9207639694214
"Wisconsin",1996,77,231.411849975586,282.848754882812,NA,0.198651999235153,15.8118762969971
"Wisconsin",1997,77,NA,NA,NA,0.198584258556366,16.0539531707764
"Wisconsin",1998,77,NA,NA,222.389053344727,0.195791468024254,15.8217897415161
"Wisconsin",1999,77,NA,NA,NA,0.192481994628906,14.3772392272949
"Wisconsin",2000,77,NA,NA,NA,0.185326620936394,14.4419527053833
"Wisconsin",2001,77,NA,NA,NA,0.183435365557671,14.6177349090576
"Wisconsin",2002,77,NA,NA,NA,0.205425903201103,13.8897647857666
"Wisconsin",2003,77,236.755416870117,283.915863037109,220.833435058594,0.208749502897263,14.5935411453247
"Wisconsin",2004,77,NA,NA,NA,0.212798789143562,15.1166515350342
"Wisconsin",2005,77,240.568588256836,284.541564941406,221.16423034668,0.220388531684875,14.2885446548462
"Wisconsin",2006,77,NA,NA,NA,0.221550837159157,14.5554246902466
"Wisconsin",2007,77,244.181213378906,285.617950439453,223.318008422852,0.237024068832397,14.8369407653809
"Wisconsin",2008,77,NA,NA,NA,0.238054722547531,14.9261531829834
"Wisconsin",2009,77,243.585250854492,288.140716552734,220,0.243882864713669,15.0345373153687
"Wisconsin",2010,77,NA,NA,NA,0.249710991978645,15.1429204940796
"Wisconsin",2011,77,245,289,221,0.255539119243622,15.2513046264648
"Wyoming",1990,39.25,NA,272.147979736328,NA,0.151533186435699,14.5097808837891
"Wyoming",1991,39.25,NA,NA,NA,0.157595753669739,14.4790687561035
"Wyoming",1992,39.25,225.377593994141,275.080078125,222.983184814453,0.162636905908585,15.5505790710449
"Wyoming",1993,39.25,NA,NA,NA,0.17250007390976,17.2329502105713
"Wyoming",1994,39.25,NA,NA,221.185562133789,0.182806566357613,15.4350624084473
"Wyoming",1995,39.25,NA,NA,NA,0.188039556145668,14.8525314331055
"Wyoming",1996,39.25,223.195999145508,274.778961181641,NA,0.191439926624298,14.8290767669678
"Wyoming",1997,39.25,NA,NA,NA,0.196178004145622,14.7210578918457
"Wyoming",1998,39.25,NA,NA,218.232025146484,0.199268907308578,14.5447053909302
"Wyoming",1999,39.25,NA,NA,NA,0.197341486811638,14.1875467300415
"Wyoming",2000,39.25,228.62663269043,275.572326660156,NA,0.195798277854919,13.271614074707
"Wyoming",2001,39.25,NA,NA,NA,0.324316203594208,13.2596197128296
"Wyoming",2002,39.25,NA,NA,221.129760742188,0.213096871972084,13.2264747619629
"Wyoming",2003,39.25,241.085693359375,283.503356933594,222.075164794922,0.203810885548592,12.9601411819458
"Wyoming",2004,39.25,NA,NA,NA,0.213738530874252,13.3184099197388
"Wyoming",2005,39.25,242.955917358398,282.100616455078,223.262145996094,0.219454050064087,12.7284059524536
"Wyoming",2006,39.25,NA,NA,NA,0.215071856975555,12.587085723877
"Wyoming",2007,39.25,243.866912841797,286.987762451172,225.289489746094,0.200662031769753,12.6081104278564
"Wyoming",2008,39.25,NA,NA,NA,0.208704799413681,12.42467212677
"Wyoming",2009,39.25,242.009201049805,286.104034423828,223,0.208056911826134,12.287501335144
"Wyoming",2010,39.25,NA,NA,NA,0.207409039139748,12.1503295898438
"Wyoming",2011,39.25,244,288,224,0.2067611515522,12.0131587982178
